SET FOREIGN_KEY_CHECKS=0;

DROP TABLE IF EXISTS `atividade_evento_inscricoes`;
DROP TABLE IF EXISTS `atividade_evento_itens`;
DROP TABLE IF EXISTS `atividade_grupos`;
DROP TABLE IF EXISTS `atividades`;
DROP TABLE IF EXISTS `atividades_catalogo`;
DROP TABLE IF EXISTS `auth_throttle`;
DROP TABLE IF EXISTS `grupos_trabalho`;
DROP TABLE IF EXISTS `inscricoes`;
DROP TABLE IF EXISTS `locais_paroquia`;
DROP TABLE IF EXISTS `log_alteracoes`;
DROP TABLE IF EXISTS `paroquias`;
DROP TABLE IF EXISTS `perfis`;
DROP TABLE IF EXISTS `tabelaperfil`;
DROP TABLE IF EXISTS `tipos_atividade`;
DROP TABLE IF EXISTS `usuario_grupos`;
DROP TABLE IF EXISTS `usuarios`;

CREATE TABLE `atividade_evento_inscricoes` (
  `id` int(10) unsigned NOT NULL AUTO_INCREMENT,
  `evento_item_id` int(10) unsigned NOT NULL,
  `usuario_id` int(10) unsigned NOT NULL,
  `data_inscricao` timestamp NULL DEFAULT current_timestamp(),
  PRIMARY KEY (`id`),
  UNIQUE KEY `evento_item_id` (`evento_item_id`,`usuario_id`)
) ENGINE=InnoDB DEFAULT CHARSET=utf8mb4 COLLATE=utf8mb4_general_ci;

CREATE TABLE `atividade_evento_itens` (
  `id` int(10) unsigned NOT NULL AUTO_INCREMENT,
  `evento_id` int(10) unsigned NOT NULL,
  `atividade_catalogo_id` int(10) unsigned NOT NULL,
  `ordem` int(10) unsigned NOT NULL DEFAULT 0,
  `data_criacao` timestamp NULL DEFAULT current_timestamp(),
  `ultima_atualizacao` timestamp NULL DEFAULT current_timestamp() ON UPDATE current_timestamp(),
  PRIMARY KEY (`id`),
  UNIQUE KEY `evento_id` (`evento_id`,`atividade_catalogo_id`)
) ENGINE=InnoDB DEFAULT CHARSET=utf8mb4 COLLATE=utf8mb4_general_ci;

CREATE TABLE `atividade_grupos` (
  `atividade_id` int(10) unsigned NOT NULL,
  `grupo_id` int(10) unsigned NOT NULL,
  PRIMARY KEY (`atividade_id`,`grupo_id`),
  KEY `fk_ag_atividade` (`atividade_id`),
  KEY `fk_ag_grupo` (`grupo_id`),
  CONSTRAINT `fk_ag_atividade` FOREIGN KEY (`atividade_id`) REFERENCES `atividades` (`id`) ON DELETE CASCADE,
  CONSTRAINT `fk_ag_grupo` FOREIGN KEY (`grupo_id`) REFERENCES `grupos_trabalho` (`id`) ON DELETE CASCADE
) ENGINE=InnoDB DEFAULT CHARSET=utf8mb4 COLLATE=utf8mb4_unicode_ci;

CREATE TABLE `atividades` (
  `id` int(10) unsigned NOT NULL AUTO_INCREMENT,
  `nome` varchar(255) NOT NULL,
  `descricao` text DEFAULT NULL,
  `cor` varchar(7) DEFAULT '#3b82f6',
  `data_inicio` date NOT NULL,
  `hora_inicio` time DEFAULT NULL,
  `data_fim` date DEFAULT NULL,
  `hora_fim` time DEFAULT NULL,
  `local_id` int(10) unsigned DEFAULT NULL,
  `tipo_atividade_id` int(10) unsigned DEFAULT NULL,
  `categoria_id` int(10) unsigned DEFAULT NULL,
  `criador_id` int(10) unsigned DEFAULT NULL,
  `paroquia_id` int(10) unsigned DEFAULT NULL,
  `status` varchar(50) DEFAULT 'ativo',
  `restrito` tinyint(1) DEFAULT 0,
  `serie_key` varchar(100) DEFAULT NULL,
  `serie_frequencia` varchar(50) DEFAULT NULL,
  `serie_dias_semana` varchar(100) DEFAULT NULL,
  `serie_data_fim` date DEFAULT NULL,
  `data_criacao` timestamp NULL DEFAULT current_timestamp(),
  `ultima_atualizacao` timestamp NULL DEFAULT current_timestamp() ON UPDATE current_timestamp(),
  `is_multi_color` tinyint(1) DEFAULT 0,
  `is_flashing` tinyint(1) DEFAULT 0,
  PRIMARY KEY (`id`),
  KEY `fk_atividades_paroquia` (`paroquia_id`),
  KEY `fk_atividades_local` (`local_id`),
  KEY `fk_atividades_tipo` (`tipo_atividade_id`),
  CONSTRAINT `fk_atividades_local` FOREIGN KEY (`local_id`) REFERENCES `locais_paroquia` (`id`) ON DELETE SET NULL,
  CONSTRAINT `fk_atividades_paroquia` FOREIGN KEY (`paroquia_id`) REFERENCES `paroquias` (`id`) ON DELETE SET NULL,
  CONSTRAINT `fk_atividades_tipo` FOREIGN KEY (`tipo_atividade_id`) REFERENCES `tipos_atividade` (`id`) ON DELETE SET NULL
) ENGINE=InnoDB DEFAULT CHARSET=utf8mb4 COLLATE=utf8mb4_general_ci;

CREATE TABLE `atividades_catalogo` (
  `id` int(10) unsigned NOT NULL AUTO_INCREMENT,
  `paroquia_id` int(10) unsigned NOT NULL,
  `nome` varchar(150) NOT NULL,
  `descricao` text DEFAULT NULL,
  `ativo` tinyint(1) NOT NULL DEFAULT 1,
  PRIMARY KEY (`id`),
  UNIQUE KEY `paroquia_id` (`paroquia_id`,`nome`),
  CONSTRAINT `fk_catalogo_paroquia` FOREIGN KEY (`paroquia_id`) REFERENCES `paroquias` (`id`) ON DELETE CASCADE
) ENGINE=InnoDB AUTO_INCREMENT=7 DEFAULT CHARSET=utf8mb4 COLLATE=utf8mb4_general_ci;

CREATE TABLE `auth_throttle` (
  `id` int(10) unsigned NOT NULL AUTO_INCREMENT,
  `scope` varchar(50) NOT NULL,
  `identifier` varchar(191) NOT NULL,
  `attempts` tinyint(3) unsigned NOT NULL DEFAULT 0,
  `locked_until` datetime DEFAULT NULL,
  `last_attempt_at` datetime DEFAULT NULL,
  `created_at` timestamp NULL DEFAULT current_timestamp(),
  `updated_at` timestamp NULL DEFAULT current_timestamp() ON UPDATE current_timestamp(),
  PRIMARY KEY (`id`),
  UNIQUE KEY `scope` (`scope`,`identifier`)
) ENGINE=InnoDB AUTO_INCREMENT=3 DEFAULT CHARSET=utf8mb4 COLLATE=utf8mb4_general_ci;

CREATE TABLE `grupos_trabalho` (
  `id` int(10) unsigned NOT NULL AUTO_INCREMENT,
  `paroquia_id` int(10) unsigned NOT NULL,
  `nome` varchar(100) NOT NULL,
  `descricao` text DEFAULT NULL,
  `cor` varchar(7) DEFAULT '#3b82f6',
  `visivel` tinyint(1) DEFAULT 1,
  `ativo` tinyint(1) DEFAULT 1,
  PRIMARY KEY (`id`)
) ENGINE=InnoDB AUTO_INCREMENT=9 DEFAULT CHARSET=utf8mb4 COLLATE=utf8mb4_general_ci;

CREATE TABLE `inscricoes` (
  `id` int(10) unsigned NOT NULL AUTO_INCREMENT,
  `atividade_id` int(10) unsigned NOT NULL,
  `usuario_id` int(10) unsigned NOT NULL,
  `data_inscricao` timestamp NULL DEFAULT current_timestamp(),
  PRIMARY KEY (`id`),
  UNIQUE KEY `atividade_id` (`atividade_id`,`usuario_id`)
) ENGINE=InnoDB AUTO_INCREMENT=9 DEFAULT CHARSET=utf8mb4 COLLATE=utf8mb4_general_ci;

CREATE TABLE `locais_paroquia` (
  `id` int(10) unsigned NOT NULL AUTO_INCREMENT,
  `paroquia_id` int(10) unsigned NOT NULL,
  `nome_local` varchar(255) NOT NULL,
  `descricao` text DEFAULT NULL,
  `ativo` tinyint(1) DEFAULT 1,
  `endereco` varchar(255) DEFAULT NULL,
  `telefone` varchar(20) DEFAULT NULL,
  `responsavel` varchar(100) DEFAULT NULL,
  `capacidade` int(11) DEFAULT NULL,
  PRIMARY KEY (`id`)
) ENGINE=InnoDB AUTO_INCREMENT=8 DEFAULT CHARSET=utf8mb4 COLLATE=utf8mb4_general_ci;

CREATE TABLE `log_alteracoes` (
  `id` int(10) unsigned NOT NULL AUTO_INCREMENT,
  `usuario_id` int(10) unsigned DEFAULT NULL,
  `acao` varchar(255) NOT NULL,
  `tabela_afetada` varchar(100) DEFAULT NULL,
  `registro_id` int(10) unsigned DEFAULT NULL,
  `detalhes_alteracao` text DEFAULT NULL,
  `paroquia_id` int(10) unsigned DEFAULT NULL,
  `ip_origem` varchar(45) DEFAULT NULL,
  `data_hora` timestamp NULL DEFAULT current_timestamp(),
  PRIMARY KEY (`id`)
) ENGINE=InnoDB AUTO_INCREMENT=101 DEFAULT CHARSET=utf8mb4 COLLATE=utf8mb4_general_ci;

CREATE TABLE `paroquias` (
  `id` int(10) unsigned NOT NULL AUTO_INCREMENT,
  `nome` varchar(255) NOT NULL,
  `cidade` varchar(100) DEFAULT NULL,
  `estado` char(2) DEFAULT NULL,
  `diocese` varchar(255) DEFAULT NULL,
  `ativo` tinyint(1) DEFAULT 1,
  `data_criacao` timestamp NULL DEFAULT current_timestamp(),
  PRIMARY KEY (`id`)
) ENGINE=InnoDB AUTO_INCREMENT=3 DEFAULT CHARSET=utf8mb4 COLLATE=utf8mb4_general_ci;

CREATE TABLE `perfis` (
  `id` int(10) unsigned NOT NULL AUTO_INCREMENT,
  `paroquia_id` int(10) unsigned NOT NULL DEFAULT 2,
  `nome_perfil` varchar(80) DEFAULT NULL,
  `descricao` text DEFAULT NULL,
  `perm_ver_calendario` tinyint(1) DEFAULT 1,
  `perm_criar_eventos` tinyint(1) DEFAULT 0,
  `perm_editar_eventos` tinyint(1) DEFAULT 0,
  `perm_excluir_eventos` tinyint(1) DEFAULT 0,
  `perm_ver_restritos` tinyint(1) DEFAULT 0,
  `perm_admin_usuarios` tinyint(1) DEFAULT 0,
  `perm_admin_sistema` tinyint(1) DEFAULT 0,
  `perm_ver_logs` tinyint(1) DEFAULT 0,
  `perm_cadastrar_usuario` tinyint(1) DEFAULT 0,
  PRIMARY KEY (`id`)
) ENGINE=InnoDB AUTO_INCREMENT=12 DEFAULT CHARSET=utf8mb4 COLLATE=utf8mb4_general_ci;

CREATE TABLE `tabelaperfil` (
  `id` int(10) unsigned NOT NULL AUTO_INCREMENT,
  `paroquia_id` int(10) unsigned NOT NULL DEFAULT 2,
  `nome_perfil` varchar(80) DEFAULT NULL,
  `descricao` text DEFAULT NULL,
  `perm_ver_calendario` tinyint(1) DEFAULT 1,
  `perm_criar_eventos` tinyint(1) DEFAULT 0,
  `perm_editar_eventos` tinyint(1) DEFAULT 0,
  `perm_excluir_eventos` tinyint(1) DEFAULT 0,
  `perm_ver_restritos` tinyint(1) DEFAULT 0,
  `perm_admin_usuarios` tinyint(1) DEFAULT 0,
  `perm_admin_sistema` tinyint(1) DEFAULT 0,
  `perm_ver_logs` tinyint(1) DEFAULT 0,
  `perm_cadastrar_usuario` tinyint(1) DEFAULT 0,
  PRIMARY KEY (`id`)
) ENGINE=InnoDB AUTO_INCREMENT=12 DEFAULT CHARSET=utf8mb4 COLLATE=utf8mb4_general_ci;

CREATE TABLE `tipos_atividade` (
  `id` int(10) unsigned NOT NULL AUTO_INCREMENT,
  `paroquia_id` int(10) unsigned DEFAULT NULL,
  `nome_tipo` varchar(100) NOT NULL,
  `cor` varchar(7) DEFAULT NULL,
  `icone` varchar(50) DEFAULT NULL,
  `descricao` text DEFAULT NULL,
  PRIMARY KEY (`id`)
) ENGINE=InnoDB AUTO_INCREMENT=8 DEFAULT CHARSET=utf8mb4 COLLATE=utf8mb4_general_ci;

CREATE TABLE `usuario_grupos` (
  `usuario_id` int(10) unsigned NOT NULL,
  `grupo_id` int(10) unsigned NOT NULL,
  `paroquia_id` int(10) unsigned DEFAULT NULL,
  PRIMARY KEY (`usuario_id`,`grupo_id`)
) ENGINE=InnoDB DEFAULT CHARSET=utf8mb4 COLLATE=utf8mb4_general_ci;

CREATE TABLE `usuarios` (
  `id` int(10) unsigned NOT NULL AUTO_INCREMENT,
  `nome` varchar(255) NOT NULL,
  `email` varchar(255) NOT NULL,
  `senha` varchar(255) NOT NULL,
  `perfil_id` int(10) unsigned DEFAULT NULL,
  `paroquia_id` int(10) unsigned DEFAULT NULL,
  `sexo` varchar(20) DEFAULT NULL,
  `telefone` varchar(20) DEFAULT NULL,
  `palavra_chave` varchar(255) DEFAULT NULL,
  `ativo` tinyint(1) DEFAULT 1,
  `perm_criar_eventos` tinyint(1) DEFAULT 0,
  `perm_editar_eventos` tinyint(1) DEFAULT 0,
  `perm_excluir_eventos` tinyint(1) DEFAULT 0,
  `perm_ver_restritos` tinyint(1) DEFAULT 0,
  `perm_cadastrar_usuario` tinyint(1) DEFAULT 0,
  `perm_admin_usuarios` tinyint(1) DEFAULT 0,
  `perm_ver_logs` tinyint(1) DEFAULT 0,
  `data_criacao` timestamp NULL DEFAULT current_timestamp(),
  `ultimo_login` timestamp NULL DEFAULT NULL,
  `data_nascimento` date DEFAULT NULL,
  `foto_perfil` varchar(255) DEFAULT NULL,
  `nivel_acesso` int(10) DEFAULT 0,
  `perfil_nome` varchar(50) DEFAULT NULL,
  `perm_ver_calendario` tinyint(1) DEFAULT 1,
  `perm_admin_sistema` tinyint(1) DEFAULT 0,
  `perm_gerenciar_catalogo` tinyint(1) DEFAULT 0,
  `perm_gerenciar_grupos` tinyint(1) DEFAULT 0,
  PRIMARY KEY (`id`),
  UNIQUE KEY `email` (`email`),
  KEY `fk_usuario_perfil` (`perfil_id`),
  KEY `fk_usuario_paroquia` (`paroquia_id`),
  CONSTRAINT `fk_usuario_paroquia` FOREIGN KEY (`paroquia_id`) REFERENCES `paroquias` (`id`) ON DELETE SET NULL,
  CONSTRAINT `fk_usuario_perfil` FOREIGN KEY (`perfil_id`) REFERENCES `perfis` (`id`) ON DELETE SET NULL
) ENGINE=InnoDB AUTO_INCREMENT=32 DEFAULT CHARSET=utf8mb4 COLLATE=utf8mb4_general_ci;

INSERT INTO `atividades_catalogo` (`id`, `paroquia_id`, `nome`, `descricao`, `ativo`) VALUES ('1', '2', 'Publicar Arte Informes', 'Recepção e apoio aos participantes', '1');
INSERT INTO `atividades_catalogo` (`id`, `paroquia_id`, `nome`, `descricao`, `ativo`) VALUES ('2', '2', 'Feed', 'Leitores e proclamadores', '1');
INSERT INTO `atividades_catalogo` (`id`, `paroquia_id`, `nome`, `descricao`, `ativo`) VALUES ('3', '2', 'Transmissão Instagram', 'Equipe de música e canto', '1');
INSERT INTO `atividades_catalogo` (`id`, `paroquia_id`, `nome`, `descricao`, `ativo`) VALUES ('4', '2', 'Telão Projetor', 'Cobertura, avisos e apoio da PASCOM', '1');
INSERT INTO `atividades_catalogo` (`id`, `paroquia_id`, `nome`, `descricao`, `ativo`) VALUES ('5', '2', 'Criação de Artes', 'Organização litúrgica', '1');
INSERT INTO `atividades_catalogo` (`id`, `paroquia_id`, `nome`, `descricao`, `ativo`) VALUES ('6', '2', 'Publicar Artes Story', 'Equipe de música e canto', '1');

INSERT INTO `grupos_trabalho` (`id`, `paroquia_id`, `nome`, `descricao`, `cor`, `visivel`, `ativo`) VALUES ('1', '2', 'Quermesse', 'Grupo padrão para novos cadastros (Sala de Espera)', '#165bbb', '1', '1');
INSERT INTO `grupos_trabalho` (`id`, `paroquia_id`, `nome`, `descricao`, `cor`, `visivel`, `ativo`) VALUES ('2', '2', 'Pascom Artes', '0', '#3bf78c', '1', '1');
INSERT INTO `grupos_trabalho` (`id`, `paroquia_id`, `nome`, `descricao`, `cor`, `visivel`, `ativo`) VALUES ('3', '2', 'Pascom Transmissão', 'Pascom Transmissão', '#043920', '1', '1');
INSERT INTO `grupos_trabalho` (`id`, `paroquia_id`, `nome`, `descricao`, `cor`, `visivel`, `ativo`) VALUES ('4', '2', 'Secretaria', '0', '#bb309d', '1', '1');
INSERT INTO `grupos_trabalho` (`id`, `paroquia_id`, `nome`, `descricao`, `cor`, `visivel`, `ativo`) VALUES ('5', '2', 'Pascom Youtube', 'Grupo padrão para novos cadastros (Sala de Espera)', '#94a3b8', '1', '0');
INSERT INTO `grupos_trabalho` (`id`, `paroquia_id`, `nome`, `descricao`, `cor`, `visivel`, `ativo`) VALUES ('6', '2', 'Acolhida', 'Grupo padrão para novos cadastros (Sala de Espera)', '#2b8619', '1', '1');
INSERT INTO `grupos_trabalho` (`id`, `paroquia_id`, `nome`, `descricao`, `cor`, `visivel`, `ativo`) VALUES ('7', '2', 'Todos', 'Grupo padrão — todos os membros da paróquia', '#94a3b8', '1', '1');
INSERT INTO `grupos_trabalho` (`id`, `paroquia_id`, `nome`, `descricao`, `cor`, `visivel`, `ativo`) VALUES ('8', '2', 'Jornal da Imaculada', '0', '#61c3db', '1', '1');

INSERT INTO `inscricoes` (`id`, `atividade_id`, `usuario_id`, `data_inscricao`) VALUES ('1', '98', '7', '2026-04-10 19:27:15');
INSERT INTO `inscricoes` (`id`, `atividade_id`, `usuario_id`, `data_inscricao`) VALUES ('2', '14', '10', '2026-04-08 20:30:26');
INSERT INTO `inscricoes` (`id`, `atividade_id`, `usuario_id`, `data_inscricao`) VALUES ('3', '13', '3', '2026-04-10 03:47:32');
INSERT INTO `inscricoes` (`id`, `atividade_id`, `usuario_id`, `data_inscricao`) VALUES ('4', '10', '10', '2026-04-10 04:18:43');
INSERT INTO `inscricoes` (`id`, `atividade_id`, `usuario_id`, `data_inscricao`) VALUES ('5', '96', '10', '2026-04-10 04:33:35');
INSERT INTO `inscricoes` (`id`, `atividade_id`, `usuario_id`, `data_inscricao`) VALUES ('6', '95', '10', '2026-04-10 04:36:38');
INSERT INTO `inscricoes` (`id`, `atividade_id`, `usuario_id`, `data_inscricao`) VALUES ('7', '10', '7', '2026-04-10 21:28:40');
INSERT INTO `inscricoes` (`id`, `atividade_id`, `usuario_id`, `data_inscricao`) VALUES ('8', '14', '7', '2026-04-10 21:32:56');

INSERT INTO `locais_paroquia` (`id`, `paroquia_id`, `nome_local`, `descricao`, `ativo`, `endereco`, `telefone`, `responsavel`, `capacidade`) VALUES ('1', '1', 'Basilica de São Pedro', NULL, '1', '0', '0', 'Padre Sérgio Muniz', '0');
INSERT INTO `locais_paroquia` (`id`, `paroquia_id`, `nome_local`, `descricao`, `ativo`, `endereco`, `telefone`, `responsavel`, `capacidade`) VALUES ('3', '2', 'Capela São Antônio', NULL, '1', '0', '0', 'Padre Sérgio Muniz', '0');
INSERT INTO `locais_paroquia` (`id`, `paroquia_id`, `nome_local`, `descricao`, `ativo`, `endereco`, `telefone`, `responsavel`, `capacidade`) VALUES ('4', '2', 'Matriz Nossa Senhora da Conceição', NULL, '1', 'Rua Virgílio Mârques, 84', '(81) 3788-0812', 'Padre Sérgio Muniz', '1000');
INSERT INTO `locais_paroquia` (`id`, `paroquia_id`, `nome_local`, `descricao`, `ativo`, `endereco`, `telefone`, `responsavel`, `capacidade`) VALUES ('5', '2', 'Capela São Severino Mártir', NULL, '1', 'Estrada do Caiara, 415 - Iputinga', '0', 'Padre Sérgio Muniz', '500');
INSERT INTO `locais_paroquia` (`id`, `paroquia_id`, `nome_local`, `descricao`, `ativo`, `endereco`, `telefone`, `responsavel`, `capacidade`) VALUES ('6', '2', 'Capela São João Batista', NULL, '1', 'R. Rezende, 40 - Iputinga,', '0', 'Padre Sérgio Muniz', '500');
INSERT INTO `locais_paroquia` (`id`, `paroquia_id`, `nome_local`, `descricao`, `ativo`, `endereco`, `telefone`, `responsavel`, `capacidade`) VALUES ('7', '2', 'Capela Santa Marta', NULL, '1', '2A Travessa Sucupira - Iputinga', '0', 'Padre Sérgio Muniz', '400');

INSERT INTO `log_alteracoes` (`id`, `usuario_id`, `acao`, `tabela_afetada`, `registro_id`, `detalhes_alteracao`, `paroquia_id`, `ip_origem`, `data_hora`) VALUES ('1', '1', 'EDITAR_PAROQUIA', 'paroquias', '2', '{\n    \"antigo\": {\n        \"id\": \"2\",\n        \"nome\": \"Nossa Senhora da Conceição\",\n        \"cidade\": \"Pernambuco\",\n        \"estado\": \"PE\",\n        \"diocese\": \"AOR\",\n        \"ativo\": \"1\",\n        \"data_criacao\": \"2026-04-08 02:33:29\"\n    },\n    \"novo\": {\n        \"nome\": \"Nossa Senhora da Conceição\"\n    }\n}', '2', '::1', '2026-04-11 20:37:24');
INSERT INTO `log_alteracoes` (`id`, `usuario_id`, `acao`, `tabela_afetada`, `registro_id`, `detalhes_alteracao`, `paroquia_id`, `ip_origem`, `data_hora`) VALUES ('2', '1', 'LOGOUT', 'usuarios', '1', 'Sessão encerrada pelo usuário', '2', '::1', '2026-04-11 20:41:49');
INSERT INTO `log_alteracoes` (`id`, `usuario_id`, `acao`, `tabela_afetada`, `registro_id`, `detalhes_alteracao`, `paroquia_id`, `ip_origem`, `data_hora`) VALUES ('3', '1', 'LOGIN', 'usuarios', '1', 'Autenticacao bem-sucedida', '2', '::1', '2026-04-11 20:41:52');
INSERT INTO `log_alteracoes` (`id`, `usuario_id`, `acao`, `tabela_afetada`, `registro_id`, `detalhes_alteracao`, `paroquia_id`, `ip_origem`, `data_hora`) VALUES ('4', '1', 'LOGIN', 'usuarios', '1', 'Autenticacao bem-sucedida', '2', '::1', '2026-04-12 00:16:54');
INSERT INTO `log_alteracoes` (`id`, `usuario_id`, `acao`, `tabela_afetada`, `registro_id`, `detalhes_alteracao`, `paroquia_id`, `ip_origem`, `data_hora`) VALUES ('5', '1', 'LOGOUT', 'usuarios', '1', 'Sessão encerrada pelo usuário', '2', '::1', '2026-04-12 00:29:54');
INSERT INTO `log_alteracoes` (`id`, `usuario_id`, `acao`, `tabela_afetada`, `registro_id`, `detalhes_alteracao`, `paroquia_id`, `ip_origem`, `data_hora`) VALUES ('6', '1', 'LOGIN', 'usuarios', '1', 'Autenticacao bem-sucedida', '2', '::1', '2026-04-12 00:29:56');
INSERT INTO `log_alteracoes` (`id`, `usuario_id`, `acao`, `tabela_afetada`, `registro_id`, `detalhes_alteracao`, `paroquia_id`, `ip_origem`, `data_hora`) VALUES ('7', '1', 'MOVER_PERFIL', 'perfis', '11', '{\n    \"dir\": \"up\",\n    \"a\": 11,\n    \"b\": 10\n}', '2', '::1', '2026-04-12 00:31:23');
INSERT INTO `log_alteracoes` (`id`, `usuario_id`, `acao`, `tabela_afetada`, `registro_id`, `detalhes_alteracao`, `paroquia_id`, `ip_origem`, `data_hora`) VALUES ('8', '1', 'MOVER_PERFIL', 'perfis', '11', '{\n    \"dir\": \"up\",\n    \"a\": 11,\n    \"b\": 10\n}', '2', '::1', '2026-04-12 00:31:36');
INSERT INTO `log_alteracoes` (`id`, `usuario_id`, `acao`, `tabela_afetada`, `registro_id`, `detalhes_alteracao`, `paroquia_id`, `ip_origem`, `data_hora`) VALUES ('9', '1', 'MOVER_PERFIL', 'perfis', '11', '{\n    \"dir\": \"up\",\n    \"a\": 11,\n    \"b\": 10\n}', '2', '::1', '2026-04-12 00:31:40');
INSERT INTO `log_alteracoes` (`id`, `usuario_id`, `acao`, `tabela_afetada`, `registro_id`, `detalhes_alteracao`, `paroquia_id`, `ip_origem`, `data_hora`) VALUES ('10', '1', 'MOVER_PERFIL', 'perfis', '10', '{\n    \"dir\": \"up\",\n    \"a\": 10,\n    \"b\": 9\n}', '2', '::1', '2026-04-12 00:31:46');
INSERT INTO `log_alteracoes` (`id`, `usuario_id`, `acao`, `tabela_afetada`, `registro_id`, `detalhes_alteracao`, `paroquia_id`, `ip_origem`, `data_hora`) VALUES ('11', '1', 'MOVER_PERFIL', 'perfis', '9', '{\n    \"dir\": \"up\",\n    \"a\": 9,\n    \"b\": 8\n}', '2', '::1', '2026-04-12 00:31:50');
INSERT INTO `log_alteracoes` (`id`, `usuario_id`, `acao`, `tabela_afetada`, `registro_id`, `detalhes_alteracao`, `paroquia_id`, `ip_origem`, `data_hora`) VALUES ('12', '1', 'MOVER_PERFIL', 'perfis', '8', '{\n    \"dir\": \"up\",\n    \"a\": 8,\n    \"b\": 7\n}', '2', '::1', '2026-04-12 00:31:54');
INSERT INTO `log_alteracoes` (`id`, `usuario_id`, `acao`, `tabela_afetada`, `registro_id`, `detalhes_alteracao`, `paroquia_id`, `ip_origem`, `data_hora`) VALUES ('13', '1', 'MOVER_PERFIL', 'perfis', '7', '{\n    \"dir\": \"up\",\n    \"a\": 7,\n    \"b\": 6\n}', '2', '::1', '2026-04-12 00:31:57');
INSERT INTO `log_alteracoes` (`id`, `usuario_id`, `acao`, `tabela_afetada`, `registro_id`, `detalhes_alteracao`, `paroquia_id`, `ip_origem`, `data_hora`) VALUES ('14', '1', 'MOVER_PERFIL', 'perfis', '6', '{\n    \"dir\": \"up\",\n    \"a\": 6,\n    \"b\": 5\n}', '2', '::1', '2026-04-12 00:32:05');
INSERT INTO `log_alteracoes` (`id`, `usuario_id`, `acao`, `tabela_afetada`, `registro_id`, `detalhes_alteracao`, `paroquia_id`, `ip_origem`, `data_hora`) VALUES ('15', '10', 'LOGIN', 'usuarios', '10', 'Autenticacao bem-sucedida', '2', '::1', '2026-04-12 00:35:41');
INSERT INTO `log_alteracoes` (`id`, `usuario_id`, `acao`, `tabela_afetada`, `registro_id`, `detalhes_alteracao`, `paroquia_id`, `ip_origem`, `data_hora`) VALUES ('16', '1', 'EDITAR_USUARIO', 'usuarios', '10', '{\n    \"antigo\": {\n        \"id\": \"10\",\n        \"nome\": \"Rangel Silva\",\n        \"email\": \"rangelsjc1@gmail.com\",\n        \"senha\": \"$2y$10$iuuJG1azD\\/biVBm6vkWFpuC0dlcHFbXiTzQfQ.eThOkUzvSzE79d2\",\n        \"perfil_id\": \"5\",\n        \"paroquia_id\": \"2\",\n        \"sexo\": \"M\",\n        \"telefone\": \"(81) 98146-1663\",\n        \"palavra_chave\": \"PASCOM2026\",\n        \"ativo\": \"1\",\n        \"perm_criar_eventos\": \"1\",\n        \"perm_editar_eventos\": \"1\",\n        \"perm_excluir_eventos\": \"1\",\n        \"perm_ver_restritos\": \"0\",\n        \"perm_cadastrar_usuario\": \"1\",\n        \"perm_admin_usuarios\": \"1\",\n        \"perm_ver_logs\": \"1\",\n        \"data_criacao\": \"2026-04-08 13:48:03\",\n        \"ultimo_login\": \"2026-04-12 00:35:41\",\n        \"data_nascimento\": \"1983-07-18\",\n        \"foto_perfil\": \"img\\/usuarios\\/user_10_b08392877579.jpeg\",\n        \"nivel_acesso\": \"4\",\n        \"perfil_nome\": \"DIACONO\",\n        \"perm_ver_calendario\": \"1\",\n        \"perm_admin_sistema\": \"1\",\n        \"perm_gerenciar_catalogo\": \"1\",\n        \"perm_gerenciar_grupos\": \"1\"\n    },\n    \"novo\": {\n        \"id\": \"10\",\n        \"nome\": \"Rangel Silva\",\n        \"email\": \"rangelsjc1@gmail.com\",\n        \"senha\": \"$2y$10$iuuJG1azD\\/biVBm6vkWFpuC0dlcHFbXiTzQfQ.eThOkUzvSzE79d2\",\n        \"perfil_id\": \"5\",\n        \"paroquia_id\": \"2\",\n        \"sexo\": \"M\",\n        \"telefone\": \"(81) 98146-1663\",\n        \"palavra_chave\": \"PASCOM2026\",\n        \"ativo\": \"1\",\n        \"perm_criar_eventos\": \"1\",\n        \"perm_editar_eventos\": \"1\",\n        \"perm_excluir_eventos\": \"1\",\n        \"perm_ver_restritos\": \"0\",\n        \"perm_cadastrar_usuario\": \"1\",\n        \"perm_admin_usuarios\": \"1\",\n        \"perm_ver_logs\": \"1\",\n        \"data_criacao\": \"2026-04-08 13:48:03\",\n        \"ultimo_login\": \"2026-04-12 00:35:41\",\n        \"data_nascimento\": \"1983-07-18\",\n        \"foto_perfil\": \"img\\/usuarios\\/user_10_b08392877579.jpeg\",\n        \"nivel_acesso\": \"4\",\n        \"perfil_nome\": \"DIACONO\",\n        \"perm_ver_calendario\": \"1\",\n        \"perm_admin_sistema\": \"0\",\n        \"perm_gerenciar_catalogo\": \"1\",\n        \"perm_gerenciar_grupos\": \"1\"\n    }\n}', '2', '::1', '2026-04-12 00:36:14');
INSERT INTO `log_alteracoes` (`id`, `usuario_id`, `acao`, `tabela_afetada`, `registro_id`, `detalhes_alteracao`, `paroquia_id`, `ip_origem`, `data_hora`) VALUES ('17', '10', 'LOGOUT', 'usuarios', '10', 'Sessão encerrada pelo usuário', '2', '::1', '2026-04-12 00:36:25');
INSERT INTO `log_alteracoes` (`id`, `usuario_id`, `acao`, `tabela_afetada`, `registro_id`, `detalhes_alteracao`, `paroquia_id`, `ip_origem`, `data_hora`) VALUES ('18', '10', 'LOGIN', 'usuarios', '10', 'Autenticacao bem-sucedida', '2', '::1', '2026-04-12 00:36:32');
INSERT INTO `log_alteracoes` (`id`, `usuario_id`, `acao`, `tabela_afetada`, `registro_id`, `detalhes_alteracao`, `paroquia_id`, `ip_origem`, `data_hora`) VALUES ('19', '10', 'LOGOUT', 'usuarios', '10', 'Sessão encerrada pelo usuário', '2', '::1', '2026-04-12 00:42:09');
INSERT INTO `log_alteracoes` (`id`, `usuario_id`, `acao`, `tabela_afetada`, `registro_id`, `detalhes_alteracao`, `paroquia_id`, `ip_origem`, `data_hora`) VALUES ('20', '1', 'LOGOUT', 'usuarios', '1', 'Sessão encerrada pelo usuário', '2', '::1', '2026-04-12 00:58:21');
INSERT INTO `log_alteracoes` (`id`, `usuario_id`, `acao`, `tabela_afetada`, `registro_id`, `detalhes_alteracao`, `paroquia_id`, `ip_origem`, `data_hora`) VALUES ('21', '1', 'LOGIN', 'usuarios', '1', 'Autenticacao bem-sucedida', '2', '::1', '2026-04-12 00:58:26');
INSERT INTO `log_alteracoes` (`id`, `usuario_id`, `acao`, `tabela_afetada`, `registro_id`, `detalhes_alteracao`, `paroquia_id`, `ip_origem`, `data_hora`) VALUES ('22', '10', 'LOGIN', 'usuarios', '10', 'Autenticacao bem-sucedida', '2', '::1', '2026-04-12 01:11:30');
INSERT INTO `log_alteracoes` (`id`, `usuario_id`, `acao`, `tabela_afetada`, `registro_id`, `detalhes_alteracao`, `paroquia_id`, `ip_origem`, `data_hora`) VALUES ('23', '10', 'EDITAR_USUARIO', 'usuarios', '5', '{\n    \"antigo\": {\n        \"id\": \"5\",\n        \"nome\": \"Diácono Teixeira\",\n        \"email\": \"diacono@gmail.com\",\n        \"senha\": \"$2y$10$UfMfJlKBEB7r6qlA1BU6hu4cF1XRw61Wjw4Q\\/IpQuoatzU6mZkGUS\",\n        \"perfil_id\": \"11\",\n        \"paroquia_id\": \"2\",\n        \"sexo\": \"M\",\n        \"telefone\": \"(81) 98628-0580\",\n        \"palavra_chave\": null,\n        \"ativo\": \"1\",\n        \"perm_criar_eventos\": \"0\",\n        \"perm_editar_eventos\": \"0\",\n        \"perm_excluir_eventos\": \"0\",\n        \"perm_ver_restritos\": \"0\",\n        \"perm_cadastrar_usuario\": \"0\",\n        \"perm_admin_usuarios\": \"0\",\n        \"perm_ver_logs\": \"0\",\n        \"data_criacao\": \"2026-04-08 02:11:32\",\n        \"ultimo_login\": null,\n        \"data_nascimento\": null,\n        \"foto_perfil\": \"img\\/usuarios\\/user_5_02c9ef55625c.jpeg\",\n        \"nivel_acesso\": \"5\",\n        \"perfil_nome\": \"VISITANTE\",\n        \"perm_ver_calendario\": \"1\",\n        \"perm_admin_sistema\": \"0\",\n        \"perm_gerenciar_catalogo\": \"0\",\n        \"perm_gerenciar_grupos\": \"0\"\n    },\n    \"novo\": {\n        \"id\": \"5\",\n        \"nome\": \"Diácono Teixeira\",\n        \"email\": \"diacono@gmail.com\",\n        \"senha\": \"$2y$10$UfMfJlKBEB7r6qlA1BU6hu4cF1XRw61Wjw4Q\\/IpQuoatzU6mZkGUS\",\n        \"perfil_id\": \"5\",\n        \"paroquia_id\": \"2\",\n        \"sexo\": \"M\",\n        \"telefone\": \"(81) 98628-0580\",\n        \"palavra_chave\": null,\n        \"ativo\": \"1\",\n        \"perm_criar_eventos\": \"0\",\n        \"perm_editar_eventos\": \"0\",\n        \"perm_excluir_eventos\": \"0\",\n        \"perm_ver_restritos\": \"0\",\n        \"perm_cadastrar_usuario\": \"0\",\n        \"perm_admin_usuarios\": \"0\",\n        \"perm_ver_logs\": \"0\",\n        \"data_criacao\": \"2026-04-08 02:11:32\",\n        \"ultimo_login\": null,\n        \"data_nascimento\": null,\n        \"foto_perfil\": \"img\\/usuarios\\/user_5_02c9ef55625c.jpeg\",\n        \"nivel_acesso\": \"5\",\n        \"perfil_nome\": \"DIACONO\",\n        \"perm_ver_calendario\": \"1\",\n        \"perm_admin_sistema\": \"0\",\n        \"perm_gerenciar_catalogo\": \"0\",\n        \"perm_gerenciar_grupos\": \"0\"\n    }\n}', '2', '::1', '2026-04-12 01:13:39');
INSERT INTO `log_alteracoes` (`id`, `usuario_id`, `acao`, `tabela_afetada`, `registro_id`, `detalhes_alteracao`, `paroquia_id`, `ip_origem`, `data_hora`) VALUES ('24', '1', 'EDITAR_USUARIO', 'usuarios', '5', '{\n    \"antigo\": {\n        \"id\": \"5\",\n        \"nome\": \"Diácono Teixeira\",\n        \"email\": \"diacono@gmail.com\",\n        \"senha\": \"$2y$10$UfMfJlKBEB7r6qlA1BU6hu4cF1XRw61Wjw4Q\\/IpQuoatzU6mZkGUS\",\n        \"perfil_id\": \"5\",\n        \"paroquia_id\": \"2\",\n        \"sexo\": \"M\",\n        \"telefone\": \"(81) 98628-0580\",\n        \"palavra_chave\": null,\n        \"ativo\": \"1\",\n        \"perm_criar_eventos\": \"0\",\n        \"perm_editar_eventos\": \"0\",\n        \"perm_excluir_eventos\": \"0\",\n        \"perm_ver_restritos\": \"0\",\n        \"perm_cadastrar_usuario\": \"0\",\n        \"perm_admin_usuarios\": \"0\",\n        \"perm_ver_logs\": \"0\",\n        \"data_criacao\": \"2026-04-08 02:11:32\",\n        \"ultimo_login\": null,\n        \"data_nascimento\": null,\n        \"foto_perfil\": \"img\\/usuarios\\/user_5_02c9ef55625c.jpeg\",\n        \"nivel_acesso\": \"5\",\n        \"perfil_nome\": \"DIACONO\",\n        \"perm_ver_calendario\": \"1\",\n        \"perm_admin_sistema\": \"0\",\n        \"perm_gerenciar_catalogo\": \"0\",\n        \"perm_gerenciar_grupos\": \"0\"\n    },\n    \"novo\": {\n        \"id\": \"5\",\n        \"nome\": \"Diácono Teixeira\",\n        \"email\": \"diacono@gmail.com\",\n        \"senha\": \"$2y$10$UfMfJlKBEB7r6qlA1BU6hu4cF1XRw61Wjw4Q\\/IpQuoatzU6mZkGUS\",\n        \"perfil_id\": \"5\",\n        \"paroquia_id\": \"2\",\n        \"sexo\": \"M\",\n        \"telefone\": \"(81) 98628-0580\",\n        \"palavra_chave\": null,\n        \"ativo\": \"1\",\n        \"perm_criar_eventos\": \"0\",\n        \"perm_editar_eventos\": \"0\",\n        \"perm_excluir_eventos\": \"0\",\n        \"perm_ver_restritos\": \"0\",\n        \"perm_cadastrar_usuario\": \"0\",\n        \"perm_admin_usuarios\": \"0\",\n        \"perm_ver_logs\": \"0\",\n        \"data_criacao\": \"2026-04-08 02:11:32\",\n        \"ultimo_login\": null,\n        \"data_nascimento\": null,\n        \"foto_perfil\": \"img\\/usuarios\\/user_5_02c9ef55625c.jpeg\",\n        \"nivel_acesso\": \"5\",\n        \"perfil_nome\": \"DIACONO\",\n        \"perm_ver_calendario\": \"1\",\n        \"perm_admin_sistema\": \"0\",\n        \"perm_gerenciar_catalogo\": \"0\",\n        \"perm_gerenciar_grupos\": \"0\"\n    }\n}', '2', '::1', '2026-04-12 01:15:31');
INSERT INTO `log_alteracoes` (`id`, `usuario_id`, `acao`, `tabela_afetada`, `registro_id`, `detalhes_alteracao`, `paroquia_id`, `ip_origem`, `data_hora`) VALUES ('25', '1', 'EDITAR_USUARIO', 'usuarios', '7', '{\n    \"antigo\": {\n        \"id\": \"7\",\n        \"nome\": \"Amanda Leal\",\n        \"email\": \"amandaleal@gmail.com\",\n        \"senha\": \"$2y$10$i3YrXwlRKxww3QvuBU1QO.KoBQCBnIbC4WxHpfZQuzecZ1HAyoXdC\",\n        \"perfil_id\": \"5\",\n        \"paroquia_id\": \"2\",\n        \"sexo\": \"M\",\n        \"telefone\": \"(81) 99858-6006\",\n        \"palavra_chave\": null,\n        \"ativo\": \"1\",\n        \"perm_criar_eventos\": \"1\",\n        \"perm_editar_eventos\": \"1\",\n        \"perm_excluir_eventos\": \"1\",\n        \"perm_ver_restritos\": \"0\",\n        \"perm_cadastrar_usuario\": \"0\",\n        \"perm_admin_usuarios\": \"1\",\n        \"perm_ver_logs\": \"0\",\n        \"data_criacao\": \"2026-04-08 02:11:32\",\n        \"ultimo_login\": \"2026-04-10 21:26:06\",\n        \"data_nascimento\": \"1987-03-11\",\n        \"foto_perfil\": \"img\\/usuarios\\/user_7_9988b8ae3614.jpeg\",\n        \"nivel_acesso\": \"4\",\n        \"perfil_nome\": \"DIACONO\",\n        \"perm_ver_calendario\": \"1\",\n        \"perm_admin_sistema\": \"0\",\n        \"perm_gerenciar_catalogo\": \"1\",\n        \"perm_gerenciar_grupos\": \"1\"\n    },\n    \"novo\": {\n        \"id\": \"7\",\n        \"nome\": \"Amanda Leal\",\n        \"email\": \"amandaleal@gmail.com\",\n        \"senha\": \"$2y$10$i3YrXwlRKxww3QvuBU1QO.KoBQCBnIbC4WxHpfZQuzecZ1HAyoXdC\",\n        \"perfil_id\": \"6\",\n        \"paroquia_id\": \"2\",\n        \"sexo\": \"M\",\n        \"telefone\": \"(81) 99858-6006\",\n        \"palavra_chave\": null,\n        \"ativo\": \"1\",\n        \"perm_criar_eventos\": \"1\",\n        \"perm_editar_eventos\": \"1\",\n        \"perm_excluir_eventos\": \"1\",\n        \"perm_ver_restritos\": \"0\",\n        \"perm_cadastrar_usuario\": \"0\",\n        \"perm_admin_usuarios\": \"1\",\n        \"perm_ver_logs\": \"0\",\n        \"data_criacao\": \"2026-04-08 02:11:32\",\n        \"ultimo_login\": \"2026-04-10 21:26:06\",\n        \"data_nascimento\": \"1987-03-11\",\n        \"foto_perfil\": \"img\\/usuarios\\/user_7_9988b8ae3614.jpeg\",\n        \"nivel_acesso\": \"3\",\n        \"perfil_nome\": \"PASCOM ADM\",\n        \"perm_ver_calendario\": \"1\",\n        \"perm_admin_sistema\": \"0\",\n        \"perm_gerenciar_catalogo\": \"1\",\n        \"perm_gerenciar_grupos\": \"1\"\n    }\n}', '2', '::1', '2026-04-12 01:15:50');
INSERT INTO `log_alteracoes` (`id`, `usuario_id`, `acao`, `tabela_afetada`, `registro_id`, `detalhes_alteracao`, `paroquia_id`, `ip_origem`, `data_hora`) VALUES ('26', '10', 'LOGOUT', 'usuarios', '10', 'Sessão encerrada pelo usuário', '2', '::1', '2026-04-12 01:16:05');
INSERT INTO `log_alteracoes` (`id`, `usuario_id`, `acao`, `tabela_afetada`, `registro_id`, `detalhes_alteracao`, `paroquia_id`, `ip_origem`, `data_hora`) VALUES ('27', '7', 'LOGIN', 'usuarios', '7', 'Autenticacao bem-sucedida', '2', '::1', '2026-04-12 01:16:10');
INSERT INTO `log_alteracoes` (`id`, `usuario_id`, `acao`, `tabela_afetada`, `registro_id`, `detalhes_alteracao`, `paroquia_id`, `ip_origem`, `data_hora`) VALUES ('28', '7', 'EDITAR_USUARIO', 'usuarios', '5', '{\n    \"antigo\": {\n        \"id\": \"5\",\n        \"nome\": \"Diácono Teixeira\",\n        \"email\": \"diacono@gmail.com\",\n        \"senha\": \"$2y$10$UfMfJlKBEB7r6qlA1BU6hu4cF1XRw61Wjw4Q\\/IpQuoatzU6mZkGUS\",\n        \"perfil_id\": \"5\",\n        \"paroquia_id\": \"2\",\n        \"sexo\": \"M\",\n        \"telefone\": \"(81) 98628-0580\",\n        \"palavra_chave\": null,\n        \"ativo\": \"1\",\n        \"perm_criar_eventos\": \"0\",\n        \"perm_editar_eventos\": \"0\",\n        \"perm_excluir_eventos\": \"0\",\n        \"perm_ver_restritos\": \"0\",\n        \"perm_cadastrar_usuario\": \"0\",\n        \"perm_admin_usuarios\": \"0\",\n        \"perm_ver_logs\": \"0\",\n        \"data_criacao\": \"2026-04-08 02:11:32\",\n        \"ultimo_login\": null,\n        \"data_nascimento\": null,\n        \"foto_perfil\": \"img\\/usuarios\\/user_5_02c9ef55625c.jpeg\",\n        \"nivel_acesso\": \"5\",\n        \"perfil_nome\": \"DIACONO\",\n        \"perm_ver_calendario\": \"1\",\n        \"perm_admin_sistema\": \"0\",\n        \"perm_gerenciar_catalogo\": \"0\",\n        \"perm_gerenciar_grupos\": \"0\"\n    },\n    \"novo\": {\n        \"id\": \"5\",\n        \"nome\": \"Diácono Teixeira\",\n        \"email\": \"diacono@gmail.com\",\n        \"senha\": \"$2y$10$UfMfJlKBEB7r6qlA1BU6hu4cF1XRw61Wjw4Q\\/IpQuoatzU6mZkGUS\",\n        \"perfil_id\": \"6\",\n        \"paroquia_id\": \"2\",\n        \"sexo\": \"M\",\n        \"telefone\": \"(81) 98628-0580\",\n        \"palavra_chave\": null,\n        \"ativo\": \"1\",\n        \"perm_criar_eventos\": \"0\",\n        \"perm_editar_eventos\": \"0\",\n        \"perm_excluir_eventos\": \"0\",\n        \"perm_ver_restritos\": \"0\",\n        \"perm_cadastrar_usuario\": \"0\",\n        \"perm_admin_usuarios\": \"0\",\n        \"perm_ver_logs\": \"0\",\n        \"data_criacao\": \"2026-04-08 02:11:32\",\n        \"ultimo_login\": null,\n        \"data_nascimento\": null,\n        \"foto_perfil\": \"img\\/usuarios\\/user_5_02c9ef55625c.jpeg\",\n        \"nivel_acesso\": \"3\",\n        \"perfil_nome\": \"PASCOM ADM\",\n        \"perm_ver_calendario\": \"1\",\n        \"perm_admin_sistema\": \"0\",\n        \"perm_gerenciar_catalogo\": \"0\",\n        \"perm_gerenciar_grupos\": \"0\"\n    }\n}', '2', '::1', '2026-04-12 01:16:53');
INSERT INTO `log_alteracoes` (`id`, `usuario_id`, `acao`, `tabela_afetada`, `registro_id`, `detalhes_alteracao`, `paroquia_id`, `ip_origem`, `data_hora`) VALUES ('29', '1', 'EDITAR_USUARIO', 'usuarios', '7', '{\n    \"antigo\": {\n        \"id\": \"7\",\n        \"nome\": \"Amanda Leal\",\n        \"email\": \"amandaleal@gmail.com\",\n        \"senha\": \"$2y$10$i3YrXwlRKxww3QvuBU1QO.KoBQCBnIbC4WxHpfZQuzecZ1HAyoXdC\",\n        \"perfil_id\": \"6\",\n        \"paroquia_id\": \"2\",\n        \"sexo\": \"M\",\n        \"telefone\": \"(81) 99858-6006\",\n        \"palavra_chave\": null,\n        \"ativo\": \"1\",\n        \"perm_criar_eventos\": \"1\",\n        \"perm_editar_eventos\": \"1\",\n        \"perm_excluir_eventos\": \"1\",\n        \"perm_ver_restritos\": \"0\",\n        \"perm_cadastrar_usuario\": \"0\",\n        \"perm_admin_usuarios\": \"1\",\n        \"perm_ver_logs\": \"0\",\n        \"data_criacao\": \"2026-04-08 02:11:32\",\n        \"ultimo_login\": \"2026-04-12 01:16:10\",\n        \"data_nascimento\": \"1987-03-11\",\n        \"foto_perfil\": \"img\\/usuarios\\/user_7_9988b8ae3614.jpeg\",\n        \"nivel_acesso\": \"3\",\n        \"perfil_nome\": \"PASCOM ADM\",\n        \"perm_ver_calendario\": \"1\",\n        \"perm_admin_sistema\": \"0\",\n        \"perm_gerenciar_catalogo\": \"1\",\n        \"perm_gerenciar_grupos\": \"1\"\n    },\n    \"novo\": {\n        \"id\": \"7\",\n        \"nome\": \"Amanda Leal\",\n        \"email\": \"amandaleal@gmail.com\",\n        \"senha\": \"$2y$10$i3YrXwlRKxww3QvuBU1QO.KoBQCBnIbC4WxHpfZQuzecZ1HAyoXdC\",\n        \"perfil_id\": \"6\",\n        \"paroquia_id\": \"2\",\n        \"sexo\": \"M\",\n        \"telefone\": \"(81) 99858-6006\",\n        \"palavra_chave\": null,\n        \"ativo\": \"1\",\n        \"perm_criar_eventos\": \"1\",\n        \"perm_editar_eventos\": \"1\",\n        \"perm_excluir_eventos\": \"1\",\n        \"perm_ver_restritos\": \"0\",\n        \"perm_cadastrar_usuario\": \"0\",\n        \"perm_admin_usuarios\": \"1\",\n        \"perm_ver_logs\": \"0\",\n        \"data_criacao\": \"2026-04-08 02:11:32\",\n        \"ultimo_login\": \"2026-04-12 01:16:10\",\n        \"data_nascimento\": \"1987-03-11\",\n        \"foto_perfil\": \"img\\/usuarios\\/user_7_9988b8ae3614.jpeg\",\n        \"nivel_acesso\": \"3\",\n        \"perfil_nome\": \"PASCOM ADM\",\n        \"perm_ver_calendario\": \"1\",\n        \"perm_admin_sistema\": \"0\",\n        \"perm_gerenciar_catalogo\": \"1\",\n        \"perm_gerenciar_grupos\": \"1\"\n    }\n}', '2', '::1', '2026-04-12 01:17:37');
INSERT INTO `log_alteracoes` (`id`, `usuario_id`, `acao`, `tabela_afetada`, `registro_id`, `detalhes_alteracao`, `paroquia_id`, `ip_origem`, `data_hora`) VALUES ('30', '1', 'EDITAR_USUARIO', 'usuarios', '10', '{\n    \"antigo\": {\n        \"id\": \"10\",\n        \"nome\": \"Rangel Silva\",\n        \"email\": \"rangelsjc1@gmail.com\",\n        \"senha\": \"$2y$10$iuuJG1azD\\/biVBm6vkWFpuC0dlcHFbXiTzQfQ.eThOkUzvSzE79d2\",\n        \"perfil_id\": \"5\",\n        \"paroquia_id\": \"2\",\n        \"sexo\": \"M\",\n        \"telefone\": \"(81) 98146-1663\",\n        \"palavra_chave\": \"PASCOM2026\",\n        \"ativo\": \"1\",\n        \"perm_criar_eventos\": \"1\",\n        \"perm_editar_eventos\": \"1\",\n        \"perm_excluir_eventos\": \"1\",\n        \"perm_ver_restritos\": \"0\",\n        \"perm_cadastrar_usuario\": \"1\",\n        \"perm_admin_usuarios\": \"1\",\n        \"perm_ver_logs\": \"1\",\n        \"data_criacao\": \"2026-04-08 13:48:03\",\n        \"ultimo_login\": \"2026-04-12 01:11:30\",\n        \"data_nascimento\": \"1983-07-18\",\n        \"foto_perfil\": \"img\\/usuarios\\/user_10_b08392877579.jpeg\",\n        \"nivel_acesso\": \"4\",\n        \"perfil_nome\": \"DIACONO\",\n        \"perm_ver_calendario\": \"1\",\n        \"perm_admin_sistema\": \"0\",\n        \"perm_gerenciar_catalogo\": \"1\",\n        \"perm_gerenciar_grupos\": \"1\"\n    },\n    \"novo\": {\n        \"id\": \"10\",\n        \"nome\": \"Rangel Silva\",\n        \"email\": \"rangelsjc1@gmail.com\",\n        \"senha\": \"$2y$10$iuuJG1azD\\/biVBm6vkWFpuC0dlcHFbXiTzQfQ.eThOkUzvSzE79d2\",\n        \"perfil_id\": \"6\",\n        \"paroquia_id\": \"2\",\n        \"sexo\": \"M\",\n        \"telefone\": \"(81) 98146-1663\",\n        \"palavra_chave\": \"PASCOM2026\",\n        \"ativo\": \"1\",\n        \"perm_criar_eventos\": \"1\",\n        \"perm_editar_eventos\": \"1\",\n        \"perm_excluir_eventos\": \"1\",\n        \"perm_ver_restritos\": \"0\",\n        \"perm_cadastrar_usuario\": \"1\",\n        \"perm_admin_usuarios\": \"1\",\n        \"perm_ver_logs\": \"1\",\n        \"data_criacao\": \"2026-04-08 13:48:03\",\n        \"ultimo_login\": \"2026-04-12 01:11:30\",\n        \"data_nascimento\": \"1983-07-18\",\n        \"foto_perfil\": \"img\\/usuarios\\/user_10_b08392877579.jpeg\",\n        \"nivel_acesso\": \"4\",\n        \"perfil_nome\": \"PASCOM ADM\",\n        \"perm_ver_calendario\": \"1\",\n        \"perm_admin_sistema\": \"0\",\n        \"perm_gerenciar_catalogo\": \"1\",\n        \"perm_gerenciar_grupos\": \"1\"\n    }\n}', '2', '::1', '2026-04-12 01:27:38');
INSERT INTO `log_alteracoes` (`id`, `usuario_id`, `acao`, `tabela_afetada`, `registro_id`, `detalhes_alteracao`, `paroquia_id`, `ip_origem`, `data_hora`) VALUES ('31', '1', 'EDITAR_USUARIO', 'usuarios', '5', '{\n    \"antigo\": {\n        \"id\": \"5\",\n        \"nome\": \"Diácono Teixeira\",\n        \"email\": \"diacono@gmail.com\",\n        \"senha\": \"$2y$10$UfMfJlKBEB7r6qlA1BU6hu4cF1XRw61Wjw4Q\\/IpQuoatzU6mZkGUS\",\n        \"perfil_id\": \"6\",\n        \"paroquia_id\": \"2\",\n        \"sexo\": \"M\",\n        \"telefone\": \"(81) 98628-0580\",\n        \"palavra_chave\": null,\n        \"ativo\": \"1\",\n        \"perm_criar_eventos\": \"0\",\n        \"perm_editar_eventos\": \"0\",\n        \"perm_excluir_eventos\": \"0\",\n        \"perm_ver_restritos\": \"0\",\n        \"perm_cadastrar_usuario\": \"0\",\n        \"perm_admin_usuarios\": \"0\",\n        \"perm_ver_logs\": \"0\",\n        \"data_criacao\": \"2026-04-08 02:11:32\",\n        \"ultimo_login\": null,\n        \"data_nascimento\": null,\n        \"foto_perfil\": \"img\\/usuarios\\/user_5_02c9ef55625c.jpeg\",\n        \"nivel_acesso\": \"3\",\n        \"perfil_nome\": \"PASCOM ADM\",\n        \"perm_ver_calendario\": \"1\",\n        \"perm_admin_sistema\": \"0\",\n        \"perm_gerenciar_catalogo\": \"0\",\n        \"perm_gerenciar_grupos\": \"0\"\n    },\n    \"novo\": {\n        \"id\": \"5\",\n        \"nome\": \"Diácono Teixeira\",\n        \"email\": \"diacono@gmail.com\",\n        \"senha\": \"$2y$10$UfMfJlKBEB7r6qlA1BU6hu4cF1XRw61Wjw4Q\\/IpQuoatzU6mZkGUS\",\n        \"perfil_id\": \"5\",\n        \"paroquia_id\": \"2\",\n        \"sexo\": \"M\",\n        \"telefone\": \"(81) 98628-0580\",\n        \"palavra_chave\": null,\n        \"ativo\": \"1\",\n        \"perm_criar_eventos\": \"0\",\n        \"perm_editar_eventos\": \"0\",\n        \"perm_excluir_eventos\": \"0\",\n        \"perm_ver_restritos\": \"0\",\n        \"perm_cadastrar_usuario\": \"0\",\n        \"perm_admin_usuarios\": \"0\",\n        \"perm_ver_logs\": \"0\",\n        \"data_criacao\": \"2026-04-08 02:11:32\",\n        \"ultimo_login\": null,\n        \"data_nascimento\": null,\n        \"foto_perfil\": \"img\\/usuarios\\/user_5_02c9ef55625c.jpeg\",\n        \"nivel_acesso\": \"3\",\n        \"perfil_nome\": \"DIACONO\",\n        \"perm_ver_calendario\": \"1\",\n        \"perm_admin_sistema\": \"0\",\n        \"perm_gerenciar_catalogo\": \"0\",\n        \"perm_gerenciar_grupos\": \"0\"\n    }\n}', '2', '::1', '2026-04-12 01:28:01');
INSERT INTO `log_alteracoes` (`id`, `usuario_id`, `acao`, `tabela_afetada`, `registro_id`, `detalhes_alteracao`, `paroquia_id`, `ip_origem`, `data_hora`) VALUES ('32', '1', 'EDITAR_USUARIO', 'usuarios', '22', '{\n    \"antigo\": {\n        \"id\": \"22\",\n        \"nome\": \"Gustavo da Silva Correia de Santana\",\n        \"email\": \"gustavocorreia243@gmail.com\",\n        \"senha\": \"$2y$12$ztdsryI7xcBHNwC91a6aMOeOGx5Pm.GqkvzxyST7sUj8XFYd\\/QWU6\",\n        \"perfil_id\": \"7\",\n        \"paroquia_id\": \"2\",\n        \"sexo\": \"M\",\n        \"telefone\": \"(81) 99309-8880\",\n        \"palavra_chave\": null,\n        \"ativo\": \"1\",\n        \"perm_criar_eventos\": \"0\",\n        \"perm_editar_eventos\": \"0\",\n        \"perm_excluir_eventos\": \"0\",\n        \"perm_ver_restritos\": \"0\",\n        \"perm_cadastrar_usuario\": \"0\",\n        \"perm_admin_usuarios\": \"0\",\n        \"perm_ver_logs\": \"0\",\n        \"data_criacao\": \"2026-04-08 23:31:59\",\n        \"ultimo_login\": null,\n        \"data_nascimento\": \"2006-10-15\",\n        \"foto_perfil\": null,\n        \"nivel_acesso\": \"3\",\n        \"perfil_nome\": \"PASCOM AGENTE\",\n        \"perm_ver_calendario\": \"1\",\n        \"perm_admin_sistema\": \"0\",\n        \"perm_gerenciar_catalogo\": \"0\",\n        \"perm_gerenciar_grupos\": \"0\"\n    },\n    \"novo\": {\n        \"id\": \"22\",\n        \"nome\": \"Gustavo da Silva Correia de Santana\",\n        \"email\": \"gustavocorreia243@gmail.com\",\n        \"senha\": \"$2y$12$ztdsryI7xcBHNwC91a6aMOeOGx5Pm.GqkvzxyST7sUj8XFYd\\/QWU6\",\n        \"perfil_id\": \"8\",\n        \"paroquia_id\": \"2\",\n        \"sexo\": \"M\",\n        \"telefone\": \"(81) 99309-8880\",\n        \"palavra_chave\": null,\n        \"ativo\": \"1\",\n        \"perm_criar_eventos\": \"0\",\n        \"perm_editar_eventos\": \"0\",\n        \"perm_excluir_eventos\": \"0\",\n        \"perm_ver_restritos\": \"0\",\n        \"perm_cadastrar_usuario\": \"0\",\n        \"perm_admin_usuarios\": \"0\",\n        \"perm_ver_logs\": \"0\",\n        \"data_criacao\": \"2026-04-08 23:31:59\",\n        \"ultimo_login\": null,\n        \"data_nascimento\": \"2006-10-15\",\n        \"foto_perfil\": null,\n        \"nivel_acesso\": \"3\",\n        \"perfil_nome\": \"PASCOM AGENTE 2\",\n        \"perm_ver_calendario\": \"1\",\n        \"perm_admin_sistema\": \"0\",\n        \"perm_gerenciar_catalogo\": \"0\",\n        \"perm_gerenciar_grupos\": \"0\"\n    }\n}', '2', '::1', '2026-04-12 01:28:38');
INSERT INTO `log_alteracoes` (`id`, `usuario_id`, `acao`, `tabela_afetada`, `registro_id`, `detalhes_alteracao`, `paroquia_id`, `ip_origem`, `data_hora`) VALUES ('33', '7', 'LOGOUT', 'usuarios', '7', 'Sessão encerrada pelo usuário', '2', '::1', '2026-04-12 01:39:34');
INSERT INTO `log_alteracoes` (`id`, `usuario_id`, `acao`, `tabela_afetada`, `registro_id`, `detalhes_alteracao`, `paroquia_id`, `ip_origem`, `data_hora`) VALUES ('34', '7', 'LOGIN', 'usuarios', '7', 'Autenticacao bem-sucedida', '2', '::1', '2026-04-12 01:39:38');
INSERT INTO `log_alteracoes` (`id`, `usuario_id`, `acao`, `tabela_afetada`, `registro_id`, `detalhes_alteracao`, `paroquia_id`, `ip_origem`, `data_hora`) VALUES ('35', '7', 'LOGOUT', 'usuarios', '7', 'Sessão encerrada pelo usuário', '2', '::1', '2026-04-12 01:42:37');
INSERT INTO `log_alteracoes` (`id`, `usuario_id`, `acao`, `tabela_afetada`, `registro_id`, `detalhes_alteracao`, `paroquia_id`, `ip_origem`, `data_hora`) VALUES ('36', '7', 'LOGIN', 'usuarios', '7', 'Autenticacao bem-sucedida', '2', '::1', '2026-04-12 01:42:42');
INSERT INTO `log_alteracoes` (`id`, `usuario_id`, `acao`, `tabela_afetada`, `registro_id`, `detalhes_alteracao`, `paroquia_id`, `ip_origem`, `data_hora`) VALUES ('37', '7', 'EDITAR_USUARIO', 'usuarios', '7', '{\n    \"antigo\": {\n        \"id\": \"7\",\n        \"nome\": \"Amanda Leal\",\n        \"email\": \"amandaleal@gmail.com\",\n        \"senha\": \"$2y$10$i3YrXwlRKxww3QvuBU1QO.KoBQCBnIbC4WxHpfZQuzecZ1HAyoXdC\",\n        \"perfil_id\": \"6\",\n        \"paroquia_id\": \"2\",\n        \"sexo\": \"M\",\n        \"telefone\": \"(81) 99858-6006\",\n        \"palavra_chave\": null,\n        \"ativo\": \"1\",\n        \"perm_criar_eventos\": \"1\",\n        \"perm_editar_eventos\": \"1\",\n        \"perm_excluir_eventos\": \"1\",\n        \"perm_ver_restritos\": \"0\",\n        \"perm_cadastrar_usuario\": \"0\",\n        \"perm_admin_usuarios\": \"1\",\n        \"perm_ver_logs\": \"0\",\n        \"data_criacao\": \"2026-04-08 02:11:32\",\n        \"ultimo_login\": \"2026-04-12 01:42:42\",\n        \"data_nascimento\": \"1987-03-11\",\n        \"foto_perfil\": \"img\\/usuarios\\/user_7_9988b8ae3614.jpeg\",\n        \"nivel_acesso\": \"3\",\n        \"perfil_nome\": \"PASCOM ADM\",\n        \"perm_ver_calendario\": \"1\",\n        \"perm_admin_sistema\": \"0\",\n        \"perm_gerenciar_catalogo\": \"1\",\n        \"perm_gerenciar_grupos\": \"1\"\n    },\n    \"novo\": {\n        \"id\": \"7\",\n        \"nome\": \"Amanda Leal\",\n        \"email\": \"amandaleal@gmail.com\",\n        \"senha\": \"$2y$10$i3YrXwlRKxww3QvuBU1QO.KoBQCBnIbC4WxHpfZQuzecZ1HAyoXdC\",\n        \"perfil_id\": \"6\",\n        \"paroquia_id\": \"2\",\n        \"sexo\": \"F\",\n        \"telefone\": \"(81) 99858-6006\",\n        \"palavra_chave\": null,\n        \"ativo\": \"1\",\n        \"perm_criar_eventos\": \"0\",\n        \"perm_editar_eventos\": \"0\",\n        \"perm_excluir_eventos\": \"0\",\n        \"perm_ver_restritos\": \"0\",\n        \"perm_cadastrar_usuario\": \"0\",\n        \"perm_admin_usuarios\": \"0\",\n        \"perm_ver_logs\": \"0\",\n        \"data_criacao\": \"2026-04-08 02:11:32\",\n        \"ultimo_login\": \"2026-04-12 01:42:42\",\n        \"data_nascimento\": \"1987-03-11\",\n        \"foto_perfil\": \"img\\/usuarios\\/user_7_9988b8ae3614.jpeg\",\n        \"nivel_acesso\": \"3\",\n        \"perfil_nome\": \"PASCOM ADM\",\n        \"perm_ver_calendario\": \"0\",\n        \"perm_admin_sistema\": \"0\",\n        \"perm_gerenciar_catalogo\": \"0\",\n        \"perm_gerenciar_grupos\": \"0\"\n    }\n}', '2', '::1', '2026-04-12 02:09:26');
INSERT INTO `log_alteracoes` (`id`, `usuario_id`, `acao`, `tabela_afetada`, `registro_id`, `detalhes_alteracao`, `paroquia_id`, `ip_origem`, `data_hora`) VALUES ('38', '1', 'EDITAR_USUARIO', 'usuarios', '12', '{\n    \"antigo\": {\n        \"id\": \"12\",\n        \"nome\": \"Alif Victória Alves de Lima\",\n        \"email\": \"vitoriaalif@gmail.com\",\n        \"senha\": \"$2y$12$ztdsryI7xcBHNwC91a6aMOeOGx5Pm.GqkvzxyST7sUj8XFYd\\/QWU6\",\n        \"perfil_id\": \"7\",\n        \"paroquia_id\": \"2\",\n        \"sexo\": \"F\",\n        \"telefone\": \"(81) 98371-1185\",\n        \"palavra_chave\": null,\n        \"ativo\": \"1\",\n        \"perm_criar_eventos\": \"0\",\n        \"perm_editar_eventos\": \"0\",\n        \"perm_excluir_eventos\": \"0\",\n        \"perm_ver_restritos\": \"0\",\n        \"perm_cadastrar_usuario\": \"0\",\n        \"perm_admin_usuarios\": \"0\",\n        \"perm_ver_logs\": \"0\",\n        \"data_criacao\": \"2026-04-08 23:31:59\",\n        \"ultimo_login\": \"2026-04-09 00:36:13\",\n        \"data_nascimento\": \"2009-01-05\",\n        \"foto_perfil\": null,\n        \"nivel_acesso\": \"3\",\n        \"perfil_nome\": \"PASCOM AGENTE\",\n        \"perm_ver_calendario\": \"1\",\n        \"perm_admin_sistema\": \"0\",\n        \"perm_gerenciar_catalogo\": \"0\",\n        \"perm_gerenciar_grupos\": \"0\"\n    },\n    \"novo\": {\n        \"id\": \"12\",\n        \"nome\": \"Alif Victória Alves de Lima\",\n        \"email\": \"vitoriaalif@gmail.com\",\n        \"senha\": \"$2y$12$ztdsryI7xcBHNwC91a6aMOeOGx5Pm.GqkvzxyST7sUj8XFYd\\/QWU6\",\n        \"perfil_id\": \"7\",\n        \"paroquia_id\": \"2\",\n        \"sexo\": \"F\",\n        \"telefone\": \"(81) 98371-1185\",\n        \"palavra_chave\": null,\n        \"ativo\": \"1\",\n        \"perm_criar_eventos\": \"0\",\n        \"perm_editar_eventos\": \"0\",\n        \"perm_excluir_eventos\": \"0\",\n        \"perm_ver_restritos\": \"0\",\n        \"perm_cadastrar_usuario\": \"0\",\n        \"perm_admin_usuarios\": \"0\",\n        \"perm_ver_logs\": \"0\",\n        \"data_criacao\": \"2026-04-08 23:31:59\",\n        \"ultimo_login\": \"2026-04-09 00:36:13\",\n        \"data_nascimento\": \"2009-01-05\",\n        \"foto_perfil\": null,\n        \"nivel_acesso\": \"3\",\n        \"perfil_nome\": \"PASCOM AGENTE\",\n        \"perm_ver_calendario\": \"1\",\n        \"perm_admin_sistema\": \"0\",\n        \"perm_gerenciar_catalogo\": \"0\",\n        \"perm_gerenciar_grupos\": \"0\"\n    }\n}', '2', '::1', '2026-04-12 02:10:21');
INSERT INTO `log_alteracoes` (`id`, `usuario_id`, `acao`, `tabela_afetada`, `registro_id`, `detalhes_alteracao`, `paroquia_id`, `ip_origem`, `data_hora`) VALUES ('39', '1', 'EDITAR_USUARIO', 'usuarios', '7', '{\n    \"antigo\": {\n        \"id\": \"7\",\n        \"nome\": \"Amanda Leal\",\n        \"email\": \"amandaleal@gmail.com\",\n        \"senha\": \"$2y$10$i3YrXwlRKxww3QvuBU1QO.KoBQCBnIbC4WxHpfZQuzecZ1HAyoXdC\",\n        \"perfil_id\": \"6\",\n        \"paroquia_id\": \"2\",\n        \"sexo\": \"F\",\n        \"telefone\": \"(81) 99858-6006\",\n        \"palavra_chave\": null,\n        \"ativo\": \"1\",\n        \"perm_criar_eventos\": \"0\",\n        \"perm_editar_eventos\": \"0\",\n        \"perm_excluir_eventos\": \"0\",\n        \"perm_ver_restritos\": \"0\",\n        \"perm_cadastrar_usuario\": \"0\",\n        \"perm_admin_usuarios\": \"0\",\n        \"perm_ver_logs\": \"0\",\n        \"data_criacao\": \"2026-04-08 02:11:32\",\n        \"ultimo_login\": \"2026-04-12 01:42:42\",\n        \"data_nascimento\": \"1987-03-11\",\n        \"foto_perfil\": \"img\\/usuarios\\/user_7_9988b8ae3614.jpeg\",\n        \"nivel_acesso\": \"3\",\n        \"perfil_nome\": \"PASCOM ADM\",\n        \"perm_ver_calendario\": \"0\",\n        \"perm_admin_sistema\": \"0\",\n        \"perm_gerenciar_catalogo\": \"0\",\n        \"perm_gerenciar_grupos\": \"0\"\n    },\n    \"novo\": {\n        \"id\": \"7\",\n        \"nome\": \"Amanda Leal\",\n        \"email\": \"amandaleal@gmail.com\",\n        \"senha\": \"$2y$10$i3YrXwlRKxww3QvuBU1QO.KoBQCBnIbC4WxHpfZQuzecZ1HAyoXdC\",\n        \"perfil_id\": \"6\",\n        \"paroquia_id\": \"2\",\n        \"sexo\": \"F\",\n        \"telefone\": \"(81) 99858-6006\",\n        \"palavra_chave\": null,\n        \"ativo\": \"1\",\n        \"perm_criar_eventos\": \"1\",\n        \"perm_editar_eventos\": \"1\",\n        \"perm_excluir_eventos\": \"1\",\n        \"perm_ver_restritos\": \"0\",\n        \"perm_cadastrar_usuario\": \"1\",\n        \"perm_admin_usuarios\": \"1\",\n        \"perm_ver_logs\": \"0\",\n        \"data_criacao\": \"2026-04-08 02:11:32\",\n        \"ultimo_login\": \"2026-04-12 01:42:42\",\n        \"data_nascimento\": \"1987-03-11\",\n        \"foto_perfil\": \"img\\/usuarios\\/user_7_9988b8ae3614.jpeg\",\n        \"nivel_acesso\": \"3\",\n        \"perfil_nome\": \"PASCOM ADM\",\n        \"perm_ver_calendario\": \"1\",\n        \"perm_admin_sistema\": \"0\",\n        \"perm_gerenciar_catalogo\": \"1\",\n        \"perm_gerenciar_grupos\": \"0\"\n    }\n}', '2', '::1', '2026-04-12 02:11:08');
INSERT INTO `log_alteracoes` (`id`, `usuario_id`, `acao`, `tabela_afetada`, `registro_id`, `detalhes_alteracao`, `paroquia_id`, `ip_origem`, `data_hora`) VALUES ('40', '1', 'EDITAR_USUARIO', 'usuarios', '3', '{\n    \"antigo\": {\n        \"id\": \"3\",\n        \"nome\": \"Ana Carla de Melo\",\n        \"email\": \"secretariaparoquialiputinga@gmail.com\",\n        \"senha\": \"$2y$10$tQYJobX9dIigeO9bejndkeGx1fQM5pLxhqXS7ioa5GvXgQSobDJGu\",\n        \"perfil_id\": \"3\",\n        \"paroquia_id\": \"2\",\n        \"sexo\": \"F\",\n        \"telefone\": \"\",\n        \"palavra_chave\": null,\n        \"ativo\": \"1\",\n        \"perm_criar_eventos\": \"1\",\n        \"perm_editar_eventos\": \"1\",\n        \"perm_excluir_eventos\": \"1\",\n        \"perm_ver_restritos\": \"1\",\n        \"perm_cadastrar_usuario\": \"0\",\n        \"perm_admin_usuarios\": \"0\",\n        \"perm_ver_logs\": \"0\",\n        \"data_criacao\": \"2026-03-11 22:37:29\",\n        \"ultimo_login\": \"2026-04-10 18:54:43\",\n        \"data_nascimento\": \"1980-11-28\",\n        \"foto_perfil\": \"img\\/usuarios\\/user_3_df51e6ef085c.jpeg\",\n        \"nivel_acesso\": \"3\",\n        \"perfil_nome\": \"SECRETARIA\",\n        \"perm_ver_calendario\": \"1\",\n        \"perm_admin_sistema\": \"0\",\n        \"perm_gerenciar_catalogo\": \"0\",\n        \"perm_gerenciar_grupos\": \"0\"\n    },\n    \"novo\": {\n        \"id\": \"3\",\n        \"nome\": \"Ana Carla de Melo\",\n        \"email\": \"secretariaparoquialiputinga@gmail.com\",\n        \"senha\": \"$2y$10$tQYJobX9dIigeO9bejndkeGx1fQM5pLxhqXS7ioa5GvXgQSobDJGu\",\n        \"perfil_id\": \"3\",\n        \"paroquia_id\": \"2\",\n        \"sexo\": \"F\",\n        \"telefone\": \"\",\n        \"palavra_chave\": null,\n        \"ativo\": \"1\",\n        \"perm_criar_eventos\": \"1\",\n        \"perm_editar_eventos\": \"1\",\n        \"perm_excluir_eventos\": \"1\",\n        \"perm_ver_restritos\": \"1\",\n        \"perm_cadastrar_usuario\": \"0\",\n        \"perm_admin_usuarios\": \"0\",\n        \"perm_ver_logs\": \"0\",\n        \"data_criacao\": \"2026-03-11 22:37:29\",\n        \"ultimo_login\": \"2026-04-10 18:54:43\",\n        \"data_nascimento\": \"1980-11-28\",\n        \"foto_perfil\": \"img\\/usuarios\\/user_3_df51e6ef085c.jpeg\",\n        \"nivel_acesso\": \"3\",\n        \"perfil_nome\": \"SECRETARIA\",\n        \"perm_ver_calendario\": \"1\",\n        \"perm_admin_sistema\": \"0\",\n        \"perm_gerenciar_catalogo\": \"0\",\n        \"perm_gerenciar_grupos\": \"0\"\n    }\n}', '2', '::1', '2026-04-12 02:11:31');
INSERT INTO `log_alteracoes` (`id`, `usuario_id`, `acao`, `tabela_afetada`, `registro_id`, `detalhes_alteracao`, `paroquia_id`, `ip_origem`, `data_hora`) VALUES ('41', '1', 'EDITAR_USUARIO', 'usuarios', '5', '{\n    \"antigo\": {\n        \"id\": \"5\",\n        \"nome\": \"Diácono Teixeira\",\n        \"email\": \"diacono@gmail.com\",\n        \"senha\": \"$2y$10$UfMfJlKBEB7r6qlA1BU6hu4cF1XRw61Wjw4Q\\/IpQuoatzU6mZkGUS\",\n        \"perfil_id\": \"5\",\n        \"paroquia_id\": \"2\",\n        \"sexo\": \"M\",\n        \"telefone\": \"(81) 98628-0580\",\n        \"palavra_chave\": null,\n        \"ativo\": \"1\",\n        \"perm_criar_eventos\": \"0\",\n        \"perm_editar_eventos\": \"0\",\n        \"perm_excluir_eventos\": \"0\",\n        \"perm_ver_restritos\": \"0\",\n        \"perm_cadastrar_usuario\": \"0\",\n        \"perm_admin_usuarios\": \"0\",\n        \"perm_ver_logs\": \"0\",\n        \"data_criacao\": \"2026-04-08 02:11:32\",\n        \"ultimo_login\": null,\n        \"data_nascimento\": null,\n        \"foto_perfil\": \"img\\/usuarios\\/user_5_02c9ef55625c.jpeg\",\n        \"nivel_acesso\": \"3\",\n        \"perfil_nome\": \"DIACONO\",\n        \"perm_ver_calendario\": \"1\",\n        \"perm_admin_sistema\": \"0\",\n        \"perm_gerenciar_catalogo\": \"0\",\n        \"perm_gerenciar_grupos\": \"0\"\n    },\n    \"novo\": {\n        \"id\": \"5\",\n        \"nome\": \"Diácono Teixeira\",\n        \"email\": \"diacono@gmail.com\",\n        \"senha\": \"$2y$10$UfMfJlKBEB7r6qlA1BU6hu4cF1XRw61Wjw4Q\\/IpQuoatzU6mZkGUS\",\n        \"perfil_id\": \"5\",\n        \"paroquia_id\": \"2\",\n        \"sexo\": \"M\",\n        \"telefone\": \"(81) 98628-0580\",\n        \"palavra_chave\": null,\n        \"ativo\": \"1\",\n        \"perm_criar_eventos\": \"0\",\n        \"perm_editar_eventos\": \"0\",\n        \"perm_excluir_eventos\": \"0\",\n        \"perm_ver_restritos\": \"0\",\n        \"perm_cadastrar_usuario\": \"0\",\n        \"perm_admin_usuarios\": \"0\",\n        \"perm_ver_logs\": \"0\",\n        \"data_criacao\": \"2026-04-08 02:11:32\",\n        \"ultimo_login\": null,\n        \"data_nascimento\": null,\n        \"foto_perfil\": \"img\\/usuarios\\/user_5_02c9ef55625c.jpeg\",\n        \"nivel_acesso\": \"3\",\n        \"perfil_nome\": \"DIACONO\",\n        \"perm_ver_calendario\": \"1\",\n        \"perm_admin_sistema\": \"0\",\n        \"perm_gerenciar_catalogo\": \"0\",\n        \"perm_gerenciar_grupos\": \"0\"\n    }\n}', '2', '::1', '2026-04-12 02:11:44');
INSERT INTO `log_alteracoes` (`id`, `usuario_id`, `acao`, `tabela_afetada`, `registro_id`, `detalhes_alteracao`, `paroquia_id`, `ip_origem`, `data_hora`) VALUES ('42', '1', 'EDITAR_USUARIO', 'usuarios', '10', '{\n    \"antigo\": {\n        \"id\": \"10\",\n        \"nome\": \"Rangel Silva\",\n        \"email\": \"rangelsjc1@gmail.com\",\n        \"senha\": \"$2y$10$iuuJG1azD\\/biVBm6vkWFpuC0dlcHFbXiTzQfQ.eThOkUzvSzE79d2\",\n        \"perfil_id\": \"6\",\n        \"paroquia_id\": \"2\",\n        \"sexo\": \"M\",\n        \"telefone\": \"(81) 98146-1663\",\n        \"palavra_chave\": \"PASCOM2026\",\n        \"ativo\": \"1\",\n        \"perm_criar_eventos\": \"1\",\n        \"perm_editar_eventos\": \"1\",\n        \"perm_excluir_eventos\": \"1\",\n        \"perm_ver_restritos\": \"0\",\n        \"perm_cadastrar_usuario\": \"1\",\n        \"perm_admin_usuarios\": \"1\",\n        \"perm_ver_logs\": \"1\",\n        \"data_criacao\": \"2026-04-08 13:48:03\",\n        \"ultimo_login\": \"2026-04-12 01:11:30\",\n        \"data_nascimento\": \"1983-07-18\",\n        \"foto_perfil\": \"img\\/usuarios\\/user_10_b08392877579.jpeg\",\n        \"nivel_acesso\": \"4\",\n        \"perfil_nome\": \"PASCOM ADM\",\n        \"perm_ver_calendario\": \"1\",\n        \"perm_admin_sistema\": \"0\",\n        \"perm_gerenciar_catalogo\": \"1\",\n        \"perm_gerenciar_grupos\": \"1\"\n    },\n    \"novo\": {\n        \"id\": \"10\",\n        \"nome\": \"Rangel Silva\",\n        \"email\": \"rangelsjc1@gmail.com\",\n        \"senha\": \"$2y$10$iuuJG1azD\\/biVBm6vkWFpuC0dlcHFbXiTzQfQ.eThOkUzvSzE79d2\",\n        \"perfil_id\": \"6\",\n        \"paroquia_id\": \"2\",\n        \"sexo\": \"M\",\n        \"telefone\": \"(81) 98146-1663\",\n        \"palavra_chave\": \"PASCOM2026\",\n        \"ativo\": \"1\",\n        \"perm_criar_eventos\": \"1\",\n        \"perm_editar_eventos\": \"1\",\n        \"perm_excluir_eventos\": \"1\",\n        \"perm_ver_restritos\": \"0\",\n        \"perm_cadastrar_usuario\": \"1\",\n        \"perm_admin_usuarios\": \"1\",\n        \"perm_ver_logs\": \"1\",\n        \"data_criacao\": \"2026-04-08 13:48:03\",\n        \"ultimo_login\": \"2026-04-12 01:11:30\",\n        \"data_nascimento\": \"1983-07-18\",\n        \"foto_perfil\": \"img\\/usuarios\\/user_10_b08392877579.jpeg\",\n        \"nivel_acesso\": \"3\",\n        \"perfil_nome\": \"PASCOM ADM\",\n        \"perm_ver_calendario\": \"1\",\n        \"perm_admin_sistema\": \"0\",\n        \"perm_gerenciar_catalogo\": \"1\",\n        \"perm_gerenciar_grupos\": \"1\"\n    }\n}', '2', '::1', '2026-04-12 02:12:06');
INSERT INTO `log_alteracoes` (`id`, `usuario_id`, `acao`, `tabela_afetada`, `registro_id`, `detalhes_alteracao`, `paroquia_id`, `ip_origem`, `data_hora`) VALUES ('43', '7', 'ALTERAR_STATUS_USUARIO', 'usuarios', '6', '{\n    \"antigo\": {\n        \"id\": 6,\n        \"nome\": \"Maria Eduarda\",\n        \"email\": \"mariaeduarda@gmail.com\",\n        \"senha\": \"$2y$10$v2RYQM5fmXBWU5Gjyh0GXuDintU6BDDf4f6JCdQWQjN16BUs2Wdti\",\n        \"perfil_id\": 5,\n        \"paroquia_id\": 2,\n        \"sexo\": \"F\",\n        \"telefone\": \"(81 ) 98362-5306\",\n        \"palavra_chave\": null,\n        \"ativo\": 1,\n        \"perm_criar_eventos\": 1,\n        \"perm_editar_eventos\": 1,\n        \"perm_excluir_eventos\": 1,\n        \"perm_ver_restritos\": 0,\n        \"perm_cadastrar_usuario\": 0,\n        \"perm_admin_usuarios\": 0,\n        \"perm_ver_logs\": 0,\n        \"data_criacao\": \"2026-04-08 02:11:32\",\n        \"ultimo_login\": \"2026-04-10 21:38:09\",\n        \"data_nascimento\": null,\n        \"foto_perfil\": \"img\\/usuarios\\/user_6_b7012fef1728.jpeg\",\n        \"nivel_acesso\": 5,\n        \"perfil_nome\": \"DIACONO\",\n        \"perm_ver_calendario\": 1,\n        \"perm_admin_sistema\": 0,\n        \"perm_gerenciar_catalogo\": 0,\n        \"perm_gerenciar_grupos\": 0\n    },\n    \"novo\": {\n        \"id\": \"6\",\n        \"nome\": \"Maria Eduarda\",\n        \"email\": \"mariaeduarda@gmail.com\",\n        \"senha\": \"$2y$10$v2RYQM5fmXBWU5Gjyh0GXuDintU6BDDf4f6JCdQWQjN16BUs2Wdti\",\n        \"perfil_id\": \"5\",\n        \"paroquia_id\": \"2\",\n        \"sexo\": \"F\",\n        \"telefone\": \"(81 ) 98362-5306\",\n        \"palavra_chave\": null,\n        \"ativo\": \"0\",\n        \"perm_criar_eventos\": \"1\",\n        \"perm_editar_eventos\": \"1\",\n        \"perm_excluir_eventos\": \"1\",\n        \"perm_ver_restritos\": \"0\",\n        \"perm_cadastrar_usuario\": \"0\",\n        \"perm_admin_usuarios\": \"0\",\n        \"perm_ver_logs\": \"0\",\n        \"data_criacao\": \"2026-04-08 02:11:32\",\n        \"ultimo_login\": \"2026-04-10 21:38:09\",\n        \"data_nascimento\": null,\n        \"foto_perfil\": \"img\\/usuarios\\/user_6_b7012fef1728.jpeg\",\n        \"nivel_acesso\": \"5\",\n        \"perfil_nome\": \"DIACONO\",\n        \"perm_ver_calendario\": \"1\",\n        \"perm_admin_sistema\": \"0\",\n        \"perm_gerenciar_catalogo\": \"0\",\n        \"perm_gerenciar_grupos\": \"0\"\n    }\n}', '2', '::1', '2026-04-12 02:13:06');
INSERT INTO `log_alteracoes` (`id`, `usuario_id`, `acao`, `tabela_afetada`, `registro_id`, `detalhes_alteracao`, `paroquia_id`, `ip_origem`, `data_hora`) VALUES ('44', '7', 'ALTERAR_STATUS_USUARIO', 'usuarios', '8', '{\n    \"antigo\": {\n        \"id\": 8,\n        \"nome\": \"Gabriel Bonfin\",\n        \"email\": \"gabriel@gmail.com\",\n        \"senha\": \"$2y$10$vsVhp60bGkJyCfIeMKT.be3IrkW5wwwTjYqcU2FrAhAbIzJ4YgEGm\",\n        \"perfil_id\": 6,\n        \"paroquia_id\": 2,\n        \"sexo\": \"M\",\n        \"telefone\": \"(81) 99693-4222\",\n        \"palavra_chave\": null,\n        \"ativo\": 1,\n        \"perm_criar_eventos\": 1,\n        \"perm_editar_eventos\": 1,\n        \"perm_excluir_eventos\": 1,\n        \"perm_ver_restritos\": 0,\n        \"perm_cadastrar_usuario\": 0,\n        \"perm_admin_usuarios\": 0,\n        \"perm_ver_logs\": 0,\n        \"data_criacao\": \"2026-04-08 03:34:04\",\n        \"ultimo_login\": \"2026-04-08 21:30:00\",\n        \"data_nascimento\": \"1997-05-12\",\n        \"foto_perfil\": \"img\\/usuarios\\/user_8_24dc5ad775cd.jpeg\",\n        \"nivel_acesso\": 5,\n        \"perfil_nome\": \"PASCOM ADM\",\n        \"perm_ver_calendario\": 1,\n        \"perm_admin_sistema\": 0,\n        \"perm_gerenciar_catalogo\": 0,\n        \"perm_gerenciar_grupos\": 0\n    },\n    \"novo\": {\n        \"id\": \"8\",\n        \"nome\": \"Gabriel Bonfin\",\n        \"email\": \"gabriel@gmail.com\",\n        \"senha\": \"$2y$10$vsVhp60bGkJyCfIeMKT.be3IrkW5wwwTjYqcU2FrAhAbIzJ4YgEGm\",\n        \"perfil_id\": \"6\",\n        \"paroquia_id\": \"2\",\n        \"sexo\": \"M\",\n        \"telefone\": \"(81) 99693-4222\",\n        \"palavra_chave\": null,\n        \"ativo\": \"0\",\n        \"perm_criar_eventos\": \"1\",\n        \"perm_editar_eventos\": \"1\",\n        \"perm_excluir_eventos\": \"1\",\n        \"perm_ver_restritos\": \"0\",\n        \"perm_cadastrar_usuario\": \"0\",\n        \"perm_admin_usuarios\": \"0\",\n        \"perm_ver_logs\": \"0\",\n        \"data_criacao\": \"2026-04-08 03:34:04\",\n        \"ultimo_login\": \"2026-04-08 21:30:00\",\n        \"data_nascimento\": \"1997-05-12\",\n        \"foto_perfil\": \"img\\/usuarios\\/user_8_24dc5ad775cd.jpeg\",\n        \"nivel_acesso\": \"5\",\n        \"perfil_nome\": \"PASCOM ADM\",\n        \"perm_ver_calendario\": \"1\",\n        \"perm_admin_sistema\": \"0\",\n        \"perm_gerenciar_catalogo\": \"0\",\n        \"perm_gerenciar_grupos\": \"0\"\n    }\n}', '2', '::1', '2026-04-12 02:13:12');
INSERT INTO `log_alteracoes` (`id`, `usuario_id`, `acao`, `tabela_afetada`, `registro_id`, `detalhes_alteracao`, `paroquia_id`, `ip_origem`, `data_hora`) VALUES ('45', '7', 'ALTERAR_STATUS_USUARIO', 'usuarios', '11', '{\n    \"antigo\": {\n        \"id\": 11,\n        \"nome\": \"Danusa Maria Silva do Nascimento\",\n        \"email\": \"danusa@gmail.com\",\n        \"senha\": \"$2y$10$lqu1oJFDZxEeGcDwpSZUi.CPOjCBS9Ywxf6INPq9bGY6gFZsoSXxm\",\n        \"perfil_id\": 7,\n        \"paroquia_id\": 2,\n        \"sexo\": \"F\",\n        \"telefone\": \"(81) 97317-3773\",\n        \"palavra_chave\": null,\n        \"ativo\": 1,\n        \"perm_criar_eventos\": 0,\n        \"perm_editar_eventos\": 0,\n        \"perm_excluir_eventos\": 0,\n        \"perm_ver_restritos\": 0,\n        \"perm_cadastrar_usuario\": 0,\n        \"perm_admin_usuarios\": 0,\n        \"perm_ver_logs\": 0,\n        \"data_criacao\": \"2026-04-08 22:52:03\",\n        \"ultimo_login\": null,\n        \"data_nascimento\": \"2011-05-11\",\n        \"foto_perfil\": null,\n        \"nivel_acesso\": 6,\n        \"perfil_nome\": \"PASCOM AGENTE\",\n        \"perm_ver_calendario\": 1,\n        \"perm_admin_sistema\": 0,\n        \"perm_gerenciar_catalogo\": 0,\n        \"perm_gerenciar_grupos\": 0\n    },\n    \"novo\": {\n        \"id\": \"11\",\n        \"nome\": \"Danusa Maria Silva do Nascimento\",\n        \"email\": \"danusa@gmail.com\",\n        \"senha\": \"$2y$10$lqu1oJFDZxEeGcDwpSZUi.CPOjCBS9Ywxf6INPq9bGY6gFZsoSXxm\",\n        \"perfil_id\": \"7\",\n        \"paroquia_id\": \"2\",\n        \"sexo\": \"F\",\n        \"telefone\": \"(81) 97317-3773\",\n        \"palavra_chave\": null,\n        \"ativo\": \"0\",\n        \"perm_criar_eventos\": \"0\",\n        \"perm_editar_eventos\": \"0\",\n        \"perm_excluir_eventos\": \"0\",\n        \"perm_ver_restritos\": \"0\",\n        \"perm_cadastrar_usuario\": \"0\",\n        \"perm_admin_usuarios\": \"0\",\n        \"perm_ver_logs\": \"0\",\n        \"data_criacao\": \"2026-04-08 22:52:03\",\n        \"ultimo_login\": null,\n        \"data_nascimento\": \"2011-05-11\",\n        \"foto_perfil\": null,\n        \"nivel_acesso\": \"6\",\n        \"perfil_nome\": \"PASCOM AGENTE\",\n        \"perm_ver_calendario\": \"1\",\n        \"perm_admin_sistema\": \"0\",\n        \"perm_gerenciar_catalogo\": \"0\",\n        \"perm_gerenciar_grupos\": \"0\"\n    }\n}', '2', '::1', '2026-04-12 02:13:15');
INSERT INTO `log_alteracoes` (`id`, `usuario_id`, `acao`, `tabela_afetada`, `registro_id`, `detalhes_alteracao`, `paroquia_id`, `ip_origem`, `data_hora`) VALUES ('46', '7', 'ALTERAR_STATUS_USUARIO', 'usuarios', '6', '{\n    \"antigo\": {\n        \"id\": 6,\n        \"nome\": \"Maria Eduarda\",\n        \"email\": \"mariaeduarda@gmail.com\",\n        \"senha\": \"$2y$10$v2RYQM5fmXBWU5Gjyh0GXuDintU6BDDf4f6JCdQWQjN16BUs2Wdti\",\n        \"perfil_id\": 5,\n        \"paroquia_id\": 2,\n        \"sexo\": \"F\",\n        \"telefone\": \"(81 ) 98362-5306\",\n        \"palavra_chave\": null,\n        \"ativo\": 0,\n        \"perm_criar_eventos\": 1,\n        \"perm_editar_eventos\": 1,\n        \"perm_excluir_eventos\": 1,\n        \"perm_ver_restritos\": 0,\n        \"perm_cadastrar_usuario\": 0,\n        \"perm_admin_usuarios\": 0,\n        \"perm_ver_logs\": 0,\n        \"data_criacao\": \"2026-04-08 02:11:32\",\n        \"ultimo_login\": \"2026-04-10 21:38:09\",\n        \"data_nascimento\": null,\n        \"foto_perfil\": \"img\\/usuarios\\/user_6_b7012fef1728.jpeg\",\n        \"nivel_acesso\": 5,\n        \"perfil_nome\": \"DIACONO\",\n        \"perm_ver_calendario\": 1,\n        \"perm_admin_sistema\": 0,\n        \"perm_gerenciar_catalogo\": 0,\n        \"perm_gerenciar_grupos\": 0\n    },\n    \"novo\": {\n        \"id\": \"6\",\n        \"nome\": \"Maria Eduarda\",\n        \"email\": \"mariaeduarda@gmail.com\",\n        \"senha\": \"$2y$10$v2RYQM5fmXBWU5Gjyh0GXuDintU6BDDf4f6JCdQWQjN16BUs2Wdti\",\n        \"perfil_id\": \"5\",\n        \"paroquia_id\": \"2\",\n        \"sexo\": \"F\",\n        \"telefone\": \"(81 ) 98362-5306\",\n        \"palavra_chave\": null,\n        \"ativo\": \"1\",\n        \"perm_criar_eventos\": \"1\",\n        \"perm_editar_eventos\": \"1\",\n        \"perm_excluir_eventos\": \"1\",\n        \"perm_ver_restritos\": \"0\",\n        \"perm_cadastrar_usuario\": \"0\",\n        \"perm_admin_usuarios\": \"0\",\n        \"perm_ver_logs\": \"0\",\n        \"data_criacao\": \"2026-04-08 02:11:32\",\n        \"ultimo_login\": \"2026-04-10 21:38:09\",\n        \"data_nascimento\": null,\n        \"foto_perfil\": \"img\\/usuarios\\/user_6_b7012fef1728.jpeg\",\n        \"nivel_acesso\": \"5\",\n        \"perfil_nome\": \"DIACONO\",\n        \"perm_ver_calendario\": \"1\",\n        \"perm_admin_sistema\": \"0\",\n        \"perm_gerenciar_catalogo\": \"0\",\n        \"perm_gerenciar_grupos\": \"0\"\n    }\n}', '2', '::1', '2026-04-12 02:13:21');
INSERT INTO `log_alteracoes` (`id`, `usuario_id`, `acao`, `tabela_afetada`, `registro_id`, `detalhes_alteracao`, `paroquia_id`, `ip_origem`, `data_hora`) VALUES ('47', '7', 'ALTERAR_STATUS_USUARIO', 'usuarios', '11', '{\n    \"antigo\": {\n        \"id\": 11,\n        \"nome\": \"Danusa Maria Silva do Nascimento\",\n        \"email\": \"danusa@gmail.com\",\n        \"senha\": \"$2y$10$lqu1oJFDZxEeGcDwpSZUi.CPOjCBS9Ywxf6INPq9bGY6gFZsoSXxm\",\n        \"perfil_id\": 7,\n        \"paroquia_id\": 2,\n        \"sexo\": \"F\",\n        \"telefone\": \"(81) 97317-3773\",\n        \"palavra_chave\": null,\n        \"ativo\": 0,\n        \"perm_criar_eventos\": 0,\n        \"perm_editar_eventos\": 0,\n        \"perm_excluir_eventos\": 0,\n        \"perm_ver_restritos\": 0,\n        \"perm_cadastrar_usuario\": 0,\n        \"perm_admin_usuarios\": 0,\n        \"perm_ver_logs\": 0,\n        \"data_criacao\": \"2026-04-08 22:52:03\",\n        \"ultimo_login\": null,\n        \"data_nascimento\": \"2011-05-11\",\n        \"foto_perfil\": null,\n        \"nivel_acesso\": 6,\n        \"perfil_nome\": \"PASCOM AGENTE\",\n        \"perm_ver_calendario\": 1,\n        \"perm_admin_sistema\": 0,\n        \"perm_gerenciar_catalogo\": 0,\n        \"perm_gerenciar_grupos\": 0\n    },\n    \"novo\": {\n        \"id\": \"11\",\n        \"nome\": \"Danusa Maria Silva do Nascimento\",\n        \"email\": \"danusa@gmail.com\",\n        \"senha\": \"$2y$10$lqu1oJFDZxEeGcDwpSZUi.CPOjCBS9Ywxf6INPq9bGY6gFZsoSXxm\",\n        \"perfil_id\": \"7\",\n        \"paroquia_id\": \"2\",\n        \"sexo\": \"F\",\n        \"telefone\": \"(81) 97317-3773\",\n        \"palavra_chave\": null,\n        \"ativo\": \"1\",\n        \"perm_criar_eventos\": \"0\",\n        \"perm_editar_eventos\": \"0\",\n        \"perm_excluir_eventos\": \"0\",\n        \"perm_ver_restritos\": \"0\",\n        \"perm_cadastrar_usuario\": \"0\",\n        \"perm_admin_usuarios\": \"0\",\n        \"perm_ver_logs\": \"0\",\n        \"data_criacao\": \"2026-04-08 22:52:03\",\n        \"ultimo_login\": null,\n        \"data_nascimento\": \"2011-05-11\",\n        \"foto_perfil\": null,\n        \"nivel_acesso\": \"6\",\n        \"perfil_nome\": \"PASCOM AGENTE\",\n        \"perm_ver_calendario\": \"1\",\n        \"perm_admin_sistema\": \"0\",\n        \"perm_gerenciar_catalogo\": \"0\",\n        \"perm_gerenciar_grupos\": \"0\"\n    }\n}', '2', '::1', '2026-04-12 02:13:28');
INSERT INTO `log_alteracoes` (`id`, `usuario_id`, `acao`, `tabela_afetada`, `registro_id`, `detalhes_alteracao`, `paroquia_id`, `ip_origem`, `data_hora`) VALUES ('48', '7', 'ALTERAR_STATUS_USUARIO', 'usuarios', '8', '{\n    \"antigo\": {\n        \"id\": 8,\n        \"nome\": \"Gabriel Bonfin\",\n        \"email\": \"gabriel@gmail.com\",\n        \"senha\": \"$2y$10$vsVhp60bGkJyCfIeMKT.be3IrkW5wwwTjYqcU2FrAhAbIzJ4YgEGm\",\n        \"perfil_id\": 6,\n        \"paroquia_id\": 2,\n        \"sexo\": \"M\",\n        \"telefone\": \"(81) 99693-4222\",\n        \"palavra_chave\": null,\n        \"ativo\": 0,\n        \"perm_criar_eventos\": 1,\n        \"perm_editar_eventos\": 1,\n        \"perm_excluir_eventos\": 1,\n        \"perm_ver_restritos\": 0,\n        \"perm_cadastrar_usuario\": 0,\n        \"perm_admin_usuarios\": 0,\n        \"perm_ver_logs\": 0,\n        \"data_criacao\": \"2026-04-08 03:34:04\",\n        \"ultimo_login\": \"2026-04-08 21:30:00\",\n        \"data_nascimento\": \"1997-05-12\",\n        \"foto_perfil\": \"img\\/usuarios\\/user_8_24dc5ad775cd.jpeg\",\n        \"nivel_acesso\": 5,\n        \"perfil_nome\": \"PASCOM ADM\",\n        \"perm_ver_calendario\": 1,\n        \"perm_admin_sistema\": 0,\n        \"perm_gerenciar_catalogo\": 0,\n        \"perm_gerenciar_grupos\": 0\n    },\n    \"novo\": {\n        \"id\": \"8\",\n        \"nome\": \"Gabriel Bonfin\",\n        \"email\": \"gabriel@gmail.com\",\n        \"senha\": \"$2y$10$vsVhp60bGkJyCfIeMKT.be3IrkW5wwwTjYqcU2FrAhAbIzJ4YgEGm\",\n        \"perfil_id\": \"6\",\n        \"paroquia_id\": \"2\",\n        \"sexo\": \"M\",\n        \"telefone\": \"(81) 99693-4222\",\n        \"palavra_chave\": null,\n        \"ativo\": \"1\",\n        \"perm_criar_eventos\": \"1\",\n        \"perm_editar_eventos\": \"1\",\n        \"perm_excluir_eventos\": \"1\",\n        \"perm_ver_restritos\": \"0\",\n        \"perm_cadastrar_usuario\": \"0\",\n        \"perm_admin_usuarios\": \"0\",\n        \"perm_ver_logs\": \"0\",\n        \"data_criacao\": \"2026-04-08 03:34:04\",\n        \"ultimo_login\": \"2026-04-08 21:30:00\",\n        \"data_nascimento\": \"1997-05-12\",\n        \"foto_perfil\": \"img\\/usuarios\\/user_8_24dc5ad775cd.jpeg\",\n        \"nivel_acesso\": \"5\",\n        \"perfil_nome\": \"PASCOM ADM\",\n        \"perm_ver_calendario\": \"1\",\n        \"perm_admin_sistema\": \"0\",\n        \"perm_gerenciar_catalogo\": \"0\",\n        \"perm_gerenciar_grupos\": \"0\"\n    }\n}', '2', '::1', '2026-04-12 02:13:31');
INSERT INTO `log_alteracoes` (`id`, `usuario_id`, `acao`, `tabela_afetada`, `registro_id`, `detalhes_alteracao`, `paroquia_id`, `ip_origem`, `data_hora`) VALUES ('49', '1', 'EDITAR_USUARIO', 'usuarios', '16', '{\n    \"antigo\": {\n        \"id\": \"16\",\n        \"nome\": \"Cristiane Silva Serejo\",\n        \"email\": \"cristianeserejo797@gmail.com\",\n        \"senha\": \"$2y$12$ztdsryI7xcBHNwC91a6aMOeOGx5Pm.GqkvzxyST7sUj8XFYd\\/QWU6\",\n        \"perfil_id\": \"7\",\n        \"paroquia_id\": \"2\",\n        \"sexo\": \"F\",\n        \"telefone\": \"(81) 99929-6896\",\n        \"palavra_chave\": null,\n        \"ativo\": \"1\",\n        \"perm_criar_eventos\": \"0\",\n        \"perm_editar_eventos\": \"0\",\n        \"perm_excluir_eventos\": \"0\",\n        \"perm_ver_restritos\": \"0\",\n        \"perm_cadastrar_usuario\": \"0\",\n        \"perm_admin_usuarios\": \"0\",\n        \"perm_ver_logs\": \"0\",\n        \"data_criacao\": \"2026-04-08 23:31:59\",\n        \"ultimo_login\": null,\n        \"data_nascimento\": \"1972-05-03\",\n        \"foto_perfil\": null,\n        \"nivel_acesso\": \"3\",\n        \"perfil_nome\": \"PASCOM AGENTE\",\n        \"perm_ver_calendario\": \"1\",\n        \"perm_admin_sistema\": \"0\",\n        \"perm_gerenciar_catalogo\": \"0\",\n        \"perm_gerenciar_grupos\": \"0\"\n    },\n    \"novo\": {\n        \"id\": \"16\",\n        \"nome\": \"Cristiane Silva Serejo\",\n        \"email\": \"cristianeserejo797@gmail.com\",\n        \"senha\": \"$2y$12$ztdsryI7xcBHNwC91a6aMOeOGx5Pm.GqkvzxyST7sUj8XFYd\\/QWU6\",\n        \"perfil_id\": \"7\",\n        \"paroquia_id\": \"2\",\n        \"sexo\": \"F\",\n        \"telefone\": \"(81) 99929-6896\",\n        \"palavra_chave\": null,\n        \"ativo\": \"1\",\n        \"perm_criar_eventos\": \"0\",\n        \"perm_editar_eventos\": \"0\",\n        \"perm_excluir_eventos\": \"0\",\n        \"perm_ver_restritos\": \"0\",\n        \"perm_cadastrar_usuario\": \"0\",\n        \"perm_admin_usuarios\": \"0\",\n        \"perm_ver_logs\": \"0\",\n        \"data_criacao\": \"2026-04-08 23:31:59\",\n        \"ultimo_login\": null,\n        \"data_nascimento\": \"1972-05-03\",\n        \"foto_perfil\": null,\n        \"nivel_acesso\": \"4\",\n        \"perfil_nome\": \"PASCOM AGENTE\",\n        \"perm_ver_calendario\": \"1\",\n        \"perm_admin_sistema\": \"0\",\n        \"perm_gerenciar_catalogo\": \"0\",\n        \"perm_gerenciar_grupos\": \"0\"\n    }\n}', '2', '::1', '2026-04-12 02:16:19');
INSERT INTO `log_alteracoes` (`id`, `usuario_id`, `acao`, `tabela_afetada`, `registro_id`, `detalhes_alteracao`, `paroquia_id`, `ip_origem`, `data_hora`) VALUES ('50', '7', 'ALTERAR_STATUS_USUARIO', 'usuarios', '12', '{\n    \"antigo\": {\n        \"id\": 12,\n        \"nome\": \"Alif Victória Alves de Lima\",\n        \"email\": \"vitoriaalif@gmail.com\",\n        \"senha\": \"$2y$12$ztdsryI7xcBHNwC91a6aMOeOGx5Pm.GqkvzxyST7sUj8XFYd\\/QWU6\",\n        \"perfil_id\": 7,\n        \"paroquia_id\": 2,\n        \"sexo\": \"F\",\n        \"telefone\": \"(81) 98371-1185\",\n        \"palavra_chave\": null,\n        \"ativo\": 1,\n        \"perm_criar_eventos\": 0,\n        \"perm_editar_eventos\": 0,\n        \"perm_excluir_eventos\": 0,\n        \"perm_ver_restritos\": 0,\n        \"perm_cadastrar_usuario\": 0,\n        \"perm_admin_usuarios\": 0,\n        \"perm_ver_logs\": 0,\n        \"data_criacao\": \"2026-04-08 23:31:59\",\n        \"ultimo_login\": \"2026-04-09 00:36:13\",\n        \"data_nascimento\": \"2009-01-05\",\n        \"foto_perfil\": null,\n        \"nivel_acesso\": 6,\n        \"perfil_nome\": \"PASCOM AGENTE\",\n        \"perm_ver_calendario\": 1,\n        \"perm_admin_sistema\": 0,\n        \"perm_gerenciar_catalogo\": 0,\n        \"perm_gerenciar_grupos\": 0\n    },\n    \"novo\": {\n        \"id\": \"12\",\n        \"nome\": \"Alif Victória Alves de Lima\",\n        \"email\": \"vitoriaalif@gmail.com\",\n        \"senha\": \"$2y$12$ztdsryI7xcBHNwC91a6aMOeOGx5Pm.GqkvzxyST7sUj8XFYd\\/QWU6\",\n        \"perfil_id\": \"7\",\n        \"paroquia_id\": \"2\",\n        \"sexo\": \"F\",\n        \"telefone\": \"(81) 98371-1185\",\n        \"palavra_chave\": null,\n        \"ativo\": \"0\",\n        \"perm_criar_eventos\": \"0\",\n        \"perm_editar_eventos\": \"0\",\n        \"perm_excluir_eventos\": \"0\",\n        \"perm_ver_restritos\": \"0\",\n        \"perm_cadastrar_usuario\": \"0\",\n        \"perm_admin_usuarios\": \"0\",\n        \"perm_ver_logs\": \"0\",\n        \"data_criacao\": \"2026-04-08 23:31:59\",\n        \"ultimo_login\": \"2026-04-09 00:36:13\",\n        \"data_nascimento\": \"2009-01-05\",\n        \"foto_perfil\": null,\n        \"nivel_acesso\": \"6\",\n        \"perfil_nome\": \"PASCOM AGENTE\",\n        \"perm_ver_calendario\": \"1\",\n        \"perm_admin_sistema\": \"0\",\n        \"perm_gerenciar_catalogo\": \"0\",\n        \"perm_gerenciar_grupos\": \"0\"\n    }\n}', '2', '::1', '2026-04-12 02:31:03');
INSERT INTO `log_alteracoes` (`id`, `usuario_id`, `acao`, `tabela_afetada`, `registro_id`, `detalhes_alteracao`, `paroquia_id`, `ip_origem`, `data_hora`) VALUES ('51', '7', 'ALTERAR_STATUS_USUARIO', 'usuarios', '12', '{\n    \"antigo\": {\n        \"id\": 12,\n        \"nome\": \"Alif Victória Alves de Lima\",\n        \"email\": \"vitoriaalif@gmail.com\",\n        \"senha\": \"$2y$12$ztdsryI7xcBHNwC91a6aMOeOGx5Pm.GqkvzxyST7sUj8XFYd\\/QWU6\",\n        \"perfil_id\": 7,\n        \"paroquia_id\": 2,\n        \"sexo\": \"F\",\n        \"telefone\": \"(81) 98371-1185\",\n        \"palavra_chave\": null,\n        \"ativo\": 0,\n        \"perm_criar_eventos\": 0,\n        \"perm_editar_eventos\": 0,\n        \"perm_excluir_eventos\": 0,\n        \"perm_ver_restritos\": 0,\n        \"perm_cadastrar_usuario\": 0,\n        \"perm_admin_usuarios\": 0,\n        \"perm_ver_logs\": 0,\n        \"data_criacao\": \"2026-04-08 23:31:59\",\n        \"ultimo_login\": \"2026-04-09 00:36:13\",\n        \"data_nascimento\": \"2009-01-05\",\n        \"foto_perfil\": null,\n        \"nivel_acesso\": 6,\n        \"perfil_nome\": \"PASCOM AGENTE\",\n        \"perm_ver_calendario\": 1,\n        \"perm_admin_sistema\": 0,\n        \"perm_gerenciar_catalogo\": 0,\n        \"perm_gerenciar_grupos\": 0\n    },\n    \"novo\": {\n        \"id\": \"12\",\n        \"nome\": \"Alif Victória Alves de Lima\",\n        \"email\": \"vitoriaalif@gmail.com\",\n        \"senha\": \"$2y$12$ztdsryI7xcBHNwC91a6aMOeOGx5Pm.GqkvzxyST7sUj8XFYd\\/QWU6\",\n        \"perfil_id\": \"7\",\n        \"paroquia_id\": \"2\",\n        \"sexo\": \"F\",\n        \"telefone\": \"(81) 98371-1185\",\n        \"palavra_chave\": null,\n        \"ativo\": \"1\",\n        \"perm_criar_eventos\": \"0\",\n        \"perm_editar_eventos\": \"0\",\n        \"perm_excluir_eventos\": \"0\",\n        \"perm_ver_restritos\": \"0\",\n        \"perm_cadastrar_usuario\": \"0\",\n        \"perm_admin_usuarios\": \"0\",\n        \"perm_ver_logs\": \"0\",\n        \"data_criacao\": \"2026-04-08 23:31:59\",\n        \"ultimo_login\": \"2026-04-09 00:36:13\",\n        \"data_nascimento\": \"2009-01-05\",\n        \"foto_perfil\": null,\n        \"nivel_acesso\": \"6\",\n        \"perfil_nome\": \"PASCOM AGENTE\",\n        \"perm_ver_calendario\": \"1\",\n        \"perm_admin_sistema\": \"0\",\n        \"perm_gerenciar_catalogo\": \"0\",\n        \"perm_gerenciar_grupos\": \"0\"\n    }\n}', '2', '::1', '2026-04-12 02:31:04');
INSERT INTO `log_alteracoes` (`id`, `usuario_id`, `acao`, `tabela_afetada`, `registro_id`, `detalhes_alteracao`, `paroquia_id`, `ip_origem`, `data_hora`) VALUES ('52', '7', 'LOGOUT', 'usuarios', '7', 'Sessão encerrada pelo usuário', '2', '::1', '2026-04-12 02:33:12');
INSERT INTO `log_alteracoes` (`id`, `usuario_id`, `acao`, `tabela_afetada`, `registro_id`, `detalhes_alteracao`, `paroquia_id`, `ip_origem`, `data_hora`) VALUES ('53', '7', 'LOGIN', 'usuarios', '7', 'Autenticacao bem-sucedida', '2', '::1', '2026-04-12 02:33:15');
INSERT INTO `log_alteracoes` (`id`, `usuario_id`, `acao`, `tabela_afetada`, `registro_id`, `detalhes_alteracao`, `paroquia_id`, `ip_origem`, `data_hora`) VALUES ('54', '7', 'LOGOUT', 'usuarios', '7', 'Sessão encerrada pelo usuário', '2', '::1', '2026-04-12 02:33:55');
INSERT INTO `log_alteracoes` (`id`, `usuario_id`, `acao`, `tabela_afetada`, `registro_id`, `detalhes_alteracao`, `paroquia_id`, `ip_origem`, `data_hora`) VALUES ('55', '10', 'LOGIN', 'usuarios', '10', 'Autenticacao bem-sucedida', '2', '::1', '2026-04-12 02:33:59');
INSERT INTO `log_alteracoes` (`id`, `usuario_id`, `acao`, `tabela_afetada`, `registro_id`, `detalhes_alteracao`, `paroquia_id`, `ip_origem`, `data_hora`) VALUES ('56', '10', 'LOGOUT', 'usuarios', '10', 'Sessão encerrada pelo usuário', '2', '::1', '2026-04-12 02:42:55');
INSERT INTO `log_alteracoes` (`id`, `usuario_id`, `acao`, `tabela_afetada`, `registro_id`, `detalhes_alteracao`, `paroquia_id`, `ip_origem`, `data_hora`) VALUES ('57', '10', 'LOGIN', 'usuarios', '10', 'Autenticacao bem-sucedida', '2', '::1', '2026-04-12 02:42:58');
INSERT INTO `log_alteracoes` (`id`, `usuario_id`, `acao`, `tabela_afetada`, `registro_id`, `detalhes_alteracao`, `paroquia_id`, `ip_origem`, `data_hora`) VALUES ('58', '10', 'LOGOUT', 'usuarios', '10', 'Sessão encerrada pelo usuário', '2', '::1', '2026-04-12 02:43:26');
INSERT INTO `log_alteracoes` (`id`, `usuario_id`, `acao`, `tabela_afetada`, `registro_id`, `detalhes_alteracao`, `paroquia_id`, `ip_origem`, `data_hora`) VALUES ('59', '7', 'LOGIN', 'usuarios', '7', 'Autenticacao bem-sucedida', '2', '::1', '2026-04-12 02:43:31');
INSERT INTO `log_alteracoes` (`id`, `usuario_id`, `acao`, `tabela_afetada`, `registro_id`, `detalhes_alteracao`, `paroquia_id`, `ip_origem`, `data_hora`) VALUES ('60', '7', 'LOGOUT', 'usuarios', '7', 'Sessão encerrada pelo usuário', '2', '::1', '2026-04-12 02:44:19');
INSERT INTO `log_alteracoes` (`id`, `usuario_id`, `acao`, `tabela_afetada`, `registro_id`, `detalhes_alteracao`, `paroquia_id`, `ip_origem`, `data_hora`) VALUES ('61', '10', 'LOGIN', 'usuarios', '10', 'Autenticacao bem-sucedida', '2', '::1', '2026-04-12 02:44:23');
INSERT INTO `log_alteracoes` (`id`, `usuario_id`, `acao`, `tabela_afetada`, `registro_id`, `detalhes_alteracao`, `paroquia_id`, `ip_origem`, `data_hora`) VALUES ('62', '10', 'LOGOUT', 'usuarios', '10', 'Sessão encerrada pelo usuário', '2', '::1', '2026-04-12 02:46:21');
INSERT INTO `log_alteracoes` (`id`, `usuario_id`, `acao`, `tabela_afetada`, `registro_id`, `detalhes_alteracao`, `paroquia_id`, `ip_origem`, `data_hora`) VALUES ('63', '10', 'LOGIN', 'usuarios', '10', 'Autenticacao bem-sucedida', '2', '::1', '2026-04-12 02:46:25');
INSERT INTO `log_alteracoes` (`id`, `usuario_id`, `acao`, `tabela_afetada`, `registro_id`, `detalhes_alteracao`, `paroquia_id`, `ip_origem`, `data_hora`) VALUES ('64', '1', 'EDITAR_USUARIO', 'usuarios', '5', '{\n    \"antigo\": {\n        \"id\": \"5\",\n        \"nome\": \"Diácono Teixeira\",\n        \"email\": \"diacono@gmail.com\",\n        \"senha\": \"$2y$10$UfMfJlKBEB7r6qlA1BU6hu4cF1XRw61Wjw4Q\\/IpQuoatzU6mZkGUS\",\n        \"perfil_id\": \"5\",\n        \"paroquia_id\": \"2\",\n        \"sexo\": \"M\",\n        \"telefone\": \"(81) 98628-0580\",\n        \"palavra_chave\": null,\n        \"ativo\": \"1\",\n        \"perm_criar_eventos\": \"0\",\n        \"perm_editar_eventos\": \"0\",\n        \"perm_excluir_eventos\": \"0\",\n        \"perm_ver_restritos\": \"0\",\n        \"perm_cadastrar_usuario\": \"0\",\n        \"perm_admin_usuarios\": \"0\",\n        \"perm_ver_logs\": \"0\",\n        \"data_criacao\": \"2026-04-08 02:11:32\",\n        \"ultimo_login\": null,\n        \"data_nascimento\": null,\n        \"foto_perfil\": \"img\\/usuarios\\/user_5_02c9ef55625c.jpeg\",\n        \"nivel_acesso\": \"3\",\n        \"perfil_nome\": \"DIACONO\",\n        \"perm_ver_calendario\": \"1\",\n        \"perm_admin_sistema\": \"0\",\n        \"perm_gerenciar_catalogo\": \"0\",\n        \"perm_gerenciar_grupos\": \"0\"\n    },\n    \"novo\": {\n        \"id\": \"5\",\n        \"nome\": \"Diácono Teixeira\",\n        \"email\": \"diacono@gmail.com\",\n        \"senha\": \"$2y$10$UfMfJlKBEB7r6qlA1BU6hu4cF1XRw61Wjw4Q\\/IpQuoatzU6mZkGUS\",\n        \"perfil_id\": \"5\",\n        \"paroquia_id\": \"2\",\n        \"sexo\": \"M\",\n        \"telefone\": \"(81) 98628-0580\",\n        \"palavra_chave\": null,\n        \"ativo\": \"1\",\n        \"perm_criar_eventos\": \"0\",\n        \"perm_editar_eventos\": \"0\",\n        \"perm_excluir_eventos\": \"0\",\n        \"perm_ver_restritos\": \"0\",\n        \"perm_cadastrar_usuario\": \"0\",\n        \"perm_admin_usuarios\": \"0\",\n        \"perm_ver_logs\": \"0\",\n        \"data_criacao\": \"2026-04-08 02:11:32\",\n        \"ultimo_login\": null,\n        \"data_nascimento\": null,\n        \"foto_perfil\": \"img\\/usuarios\\/user_5_02c9ef55625c.jpeg\",\n        \"nivel_acesso\": \"3\",\n        \"perfil_nome\": \"DIACONO\",\n        \"perm_ver_calendario\": \"1\",\n        \"perm_admin_sistema\": \"0\",\n        \"perm_gerenciar_catalogo\": \"0\",\n        \"perm_gerenciar_grupos\": \"0\"\n    }\n}', '2', '::1', '2026-04-12 02:47:31');
INSERT INTO `log_alteracoes` (`id`, `usuario_id`, `acao`, `tabela_afetada`, `registro_id`, `detalhes_alteracao`, `paroquia_id`, `ip_origem`, `data_hora`) VALUES ('65', '10', 'LOGOUT', 'usuarios', '10', 'Sessão encerrada pelo usuário', '2', '::1', '2026-04-12 02:49:40');
INSERT INTO `log_alteracoes` (`id`, `usuario_id`, `acao`, `tabela_afetada`, `registro_id`, `detalhes_alteracao`, `paroquia_id`, `ip_origem`, `data_hora`) VALUES ('66', '10', 'LOGIN', 'usuarios', '10', 'Autenticacao bem-sucedida', '2', '::1', '2026-04-12 02:49:43');
INSERT INTO `log_alteracoes` (`id`, `usuario_id`, `acao`, `tabela_afetada`, `registro_id`, `detalhes_alteracao`, `paroquia_id`, `ip_origem`, `data_hora`) VALUES ('67', '10', 'LOGOUT', 'usuarios', '10', 'Sessão encerrada pelo usuário', '2', '::1', '2026-04-12 03:03:54');
INSERT INTO `log_alteracoes` (`id`, `usuario_id`, `acao`, `tabela_afetada`, `registro_id`, `detalhes_alteracao`, `paroquia_id`, `ip_origem`, `data_hora`) VALUES ('68', '10', 'LOGIN', 'usuarios', '10', 'Autenticacao bem-sucedida', '2', '::1', '2026-04-12 03:03:57');
INSERT INTO `log_alteracoes` (`id`, `usuario_id`, `acao`, `tabela_afetada`, `registro_id`, `detalhes_alteracao`, `paroquia_id`, `ip_origem`, `data_hora`) VALUES ('69', '1', 'LOGOUT', 'usuarios', '1', 'Sessão encerrada pelo usuário', '2', '::1', '2026-04-12 03:06:50');
INSERT INTO `log_alteracoes` (`id`, `usuario_id`, `acao`, `tabela_afetada`, `registro_id`, `detalhes_alteracao`, `paroquia_id`, `ip_origem`, `data_hora`) VALUES ('70', '1', 'LOGIN', 'usuarios', '1', 'Autenticacao bem-sucedida', '2', '::1', '2026-04-12 03:06:52');
INSERT INTO `log_alteracoes` (`id`, `usuario_id`, `acao`, `tabela_afetada`, `registro_id`, `detalhes_alteracao`, `paroquia_id`, `ip_origem`, `data_hora`) VALUES ('71', '1', 'EDITAR_PERFIL', 'perfis', '11', '{\n    \"antigo\": {\n        \"id\": 11,\n        \"paroquia_id\": 2,\n        \"nome_perfil\": \"Perfil #11\",\n        \"descricao\": \"\",\n        \"perm_ver_calendario\": 1,\n        \"perm_criar_eventos\": 0,\n        \"perm_editar_eventos\": 0,\n        \"perm_excluir_eventos\": 0,\n        \"perm_ver_restritos\": 0,\n        \"perm_admin_usuarios\": 0,\n        \"perm_admin_sistema\": 0,\n        \"perm_ver_logs\": 0,\n        \"perm_cadastrar_usuario\": 0\n    },\n    \"novo\": {\n        \"id\": 11,\n        \"paroquia_id\": 2,\n        \"nome_perfil\": \"VIGÁRIO\",\n        \"descricao\": null,\n        \"perm_ver_calendario\": 1,\n        \"perm_criar_eventos\": 0,\n        \"perm_editar_eventos\": 0,\n        \"perm_excluir_eventos\": 0,\n        \"perm_ver_restritos\": 0,\n        \"perm_admin_usuarios\": 0,\n        \"perm_admin_sistema\": 0,\n        \"perm_ver_logs\": 0,\n        \"perm_cadastrar_usuario\": 0\n    }\n}', '2', '::1', '2026-04-12 03:13:28');
INSERT INTO `log_alteracoes` (`id`, `usuario_id`, `acao`, `tabela_afetada`, `registro_id`, `detalhes_alteracao`, `paroquia_id`, `ip_origem`, `data_hora`) VALUES ('72', '1', 'EDITAR_PERFIL', 'perfis', '4', '{\n    \"antigo\": {\n        \"id\": 4,\n        \"paroquia_id\": 2,\n        \"nome_perfil\": \"Perfil #4\",\n        \"descricao\": null,\n        \"perm_ver_calendario\": 1,\n        \"perm_criar_eventos\": 1,\n        \"perm_editar_eventos\": 1,\n        \"perm_excluir_eventos\": 1,\n        \"perm_ver_restritos\": 1,\n        \"perm_admin_usuarios\": 0,\n        \"perm_admin_sistema\": 0,\n        \"perm_ver_logs\": 0,\n        \"perm_cadastrar_usuario\": 1\n    },\n    \"novo\": {\n        \"id\": 4,\n        \"paroquia_id\": 2,\n        \"nome_perfil\": \"VIGARIO\",\n        \"descricao\": null,\n        \"perm_ver_calendario\": 1,\n        \"perm_criar_eventos\": 1,\n        \"perm_editar_eventos\": 1,\n        \"perm_excluir_eventos\": 1,\n        \"perm_ver_restritos\": 1,\n        \"perm_admin_usuarios\": 0,\n        \"perm_admin_sistema\": 0,\n        \"perm_ver_logs\": 0,\n        \"perm_cadastrar_usuario\": 1\n    }\n}', '2', '::1', '2026-04-12 03:13:43');
INSERT INTO `log_alteracoes` (`id`, `usuario_id`, `acao`, `tabela_afetada`, `registro_id`, `detalhes_alteracao`, `paroquia_id`, `ip_origem`, `data_hora`) VALUES ('73', '1', 'EDITAR_PERFIL', 'perfis', '9', '{\n    \"antigo\": {\n        \"id\": 9,\n        \"paroquia_id\": 2,\n        \"nome_perfil\": \"Perfil #9\",\n        \"descricao\": \"\",\n        \"perm_ver_calendario\": 1,\n        \"perm_criar_eventos\": 0,\n        \"perm_editar_eventos\": 0,\n        \"perm_excluir_eventos\": 0,\n        \"perm_ver_restritos\": 0,\n        \"perm_admin_usuarios\": 0,\n        \"perm_admin_sistema\": 0,\n        \"perm_ver_logs\": 0,\n        \"perm_cadastrar_usuario\": 0\n    },\n    \"novo\": {\n        \"id\": 9,\n        \"paroquia_id\": 2,\n        \"nome_perfil\": \"CORDENADOR PASTORAL\",\n        \"descricao\": null,\n        \"perm_ver_calendario\": 1,\n        \"perm_criar_eventos\": 0,\n        \"perm_editar_eventos\": 0,\n        \"perm_excluir_eventos\": 0,\n        \"perm_ver_restritos\": 0,\n        \"perm_admin_usuarios\": 0,\n        \"perm_admin_sistema\": 0,\n        \"perm_ver_logs\": 0,\n        \"perm_cadastrar_usuario\": 0\n    }\n}', '2', '::1', '2026-04-12 03:14:14');
INSERT INTO `log_alteracoes` (`id`, `usuario_id`, `acao`, `tabela_afetada`, `registro_id`, `detalhes_alteracao`, `paroquia_id`, `ip_origem`, `data_hora`) VALUES ('74', '1', 'MOVER_PERFIL', 'perfis', '11', '{\n    \"dir\": \"up\",\n    \"a\": 11,\n    \"b\": 10\n}', '2', '::1', '2026-04-12 03:14:23');
INSERT INTO `log_alteracoes` (`id`, `usuario_id`, `acao`, `tabela_afetada`, `registro_id`, `detalhes_alteracao`, `paroquia_id`, `ip_origem`, `data_hora`) VALUES ('75', '1', 'MOVER_PERFIL', 'perfis', '11', '{\n    \"dir\": \"up\",\n    \"a\": 11,\n    \"b\": 10\n}', '2', '::1', '2026-04-12 03:14:40');
INSERT INTO `log_alteracoes` (`id`, `usuario_id`, `acao`, `tabela_afetada`, `registro_id`, `detalhes_alteracao`, `paroquia_id`, `ip_origem`, `data_hora`) VALUES ('76', '1', 'MOVER_PERFIL', 'perfis', '11', '{\n    \"dir\": \"up\",\n    \"a\": 11,\n    \"b\": 10\n}', '2', '::1', '2026-04-12 03:14:46');
INSERT INTO `log_alteracoes` (`id`, `usuario_id`, `acao`, `tabela_afetada`, `registro_id`, `detalhes_alteracao`, `paroquia_id`, `ip_origem`, `data_hora`) VALUES ('77', '1', 'MOVER_PERFIL', 'perfis', '10', '{\n    \"dir\": \"up\",\n    \"a\": 10,\n    \"b\": 9\n}', '2', '::1', '2026-04-12 03:14:49');
INSERT INTO `log_alteracoes` (`id`, `usuario_id`, `acao`, `tabela_afetada`, `registro_id`, `detalhes_alteracao`, `paroquia_id`, `ip_origem`, `data_hora`) VALUES ('78', '1', 'MOVER_PERFIL', 'perfis', '10', '{\n    \"dir\": \"down\",\n    \"a\": 10,\n    \"b\": 11\n}', '2', '::1', '2026-04-12 03:15:33');
INSERT INTO `log_alteracoes` (`id`, `usuario_id`, `acao`, `tabela_afetada`, `registro_id`, `detalhes_alteracao`, `paroquia_id`, `ip_origem`, `data_hora`) VALUES ('79', '1', 'MOVER_PERFIL', 'perfis', '11', '{\n    \"dir\": \"up\",\n    \"a\": 11,\n    \"b\": 10\n}', '2', '::1', '2026-04-12 03:15:36');
INSERT INTO `log_alteracoes` (`id`, `usuario_id`, `acao`, `tabela_afetada`, `registro_id`, `detalhes_alteracao`, `paroquia_id`, `ip_origem`, `data_hora`) VALUES ('80', '10', 'LOGOUT', 'usuarios', '10', 'Sessão encerrada pelo usuário', '2', '::1', '2026-04-12 03:18:54');
INSERT INTO `log_alteracoes` (`id`, `usuario_id`, `acao`, `tabela_afetada`, `registro_id`, `detalhes_alteracao`, `paroquia_id`, `ip_origem`, `data_hora`) VALUES ('81', '10', 'LOGIN', 'usuarios', '10', 'Autenticacao bem-sucedida', '2', '::1', '2026-04-12 03:18:59');
INSERT INTO `log_alteracoes` (`id`, `usuario_id`, `acao`, `tabela_afetada`, `registro_id`, `detalhes_alteracao`, `paroquia_id`, `ip_origem`, `data_hora`) VALUES ('82', '1', 'EDITAR_PERFIL', 'perfis', '10', '{\n    \"antigo\": {\n        \"id\": 10,\n        \"paroquia_id\": 2,\n        \"nome_perfil\": \"Perfil #10\",\n        \"descricao\": \"\",\n        \"perm_ver_calendario\": 1,\n        \"perm_criar_eventos\": 0,\n        \"perm_editar_eventos\": 0,\n        \"perm_excluir_eventos\": 0,\n        \"perm_ver_restritos\": 0,\n        \"perm_admin_usuarios\": 0,\n        \"perm_admin_sistema\": 0,\n        \"perm_ver_logs\": 0,\n        \"perm_cadastrar_usuario\": 0\n    },\n    \"novo\": {\n        \"id\": 10,\n        \"paroquia_id\": 2,\n        \"nome_perfil\": \"VISITANTE\",\n        \"descricao\": null,\n        \"perm_ver_calendario\": 1,\n        \"perm_criar_eventos\": 0,\n        \"perm_editar_eventos\": 0,\n        \"perm_excluir_eventos\": 0,\n        \"perm_ver_restritos\": 0,\n        \"perm_admin_usuarios\": 0,\n        \"perm_admin_sistema\": 0,\n        \"perm_ver_logs\": 0,\n        \"perm_cadastrar_usuario\": 0\n    }\n}', '2', '::1', '2026-04-12 03:20:57');
INSERT INTO `log_alteracoes` (`id`, `usuario_id`, `acao`, `tabela_afetada`, `registro_id`, `detalhes_alteracao`, `paroquia_id`, `ip_origem`, `data_hora`) VALUES ('83', '1', 'MOVER_PERFIL', 'perfis', '10', '{\n    \"dir\": \"down\",\n    \"a\": 10,\n    \"b\": 11\n}', '2', '::1', '2026-04-12 03:21:01');
INSERT INTO `log_alteracoes` (`id`, `usuario_id`, `acao`, `tabela_afetada`, `registro_id`, `detalhes_alteracao`, `paroquia_id`, `ip_origem`, `data_hora`) VALUES ('84', '1', 'MOVER_PERFIL', 'perfis', '10', '{\n    \"dir\": \"up\",\n    \"a\": 10,\n    \"b\": 9\n}', '2', '::1', '2026-04-12 03:21:04');
INSERT INTO `log_alteracoes` (`id`, `usuario_id`, `acao`, `tabela_afetada`, `registro_id`, `detalhes_alteracao`, `paroquia_id`, `ip_origem`, `data_hora`) VALUES ('85', '1', 'MOVER_PERFIL', 'perfis', '9', '{\n    \"dir\": \"up\",\n    \"a\": 9,\n    \"b\": 8\n}', '2', '::1', '2026-04-12 03:21:06');
INSERT INTO `log_alteracoes` (`id`, `usuario_id`, `acao`, `tabela_afetada`, `registro_id`, `detalhes_alteracao`, `paroquia_id`, `ip_origem`, `data_hora`) VALUES ('86', '1', 'MOVER_PERFIL', 'perfis', '8', '{\n    \"dir\": \"up\",\n    \"a\": 8,\n    \"b\": 7\n}', '2', '::1', '2026-04-12 03:21:10');
INSERT INTO `log_alteracoes` (`id`, `usuario_id`, `acao`, `tabela_afetada`, `registro_id`, `detalhes_alteracao`, `paroquia_id`, `ip_origem`, `data_hora`) VALUES ('87', '1', 'MOVER_PERFIL', 'perfis', '7', '{\n    \"dir\": \"up\",\n    \"a\": 7,\n    \"b\": 6\n}', '2', '::1', '2026-04-12 03:21:15');
INSERT INTO `log_alteracoes` (`id`, `usuario_id`, `acao`, `tabela_afetada`, `registro_id`, `detalhes_alteracao`, `paroquia_id`, `ip_origem`, `data_hora`) VALUES ('88', '1', 'MOVER_PERFIL', 'perfis', '6', '{\n    \"dir\": \"up\",\n    \"a\": 6,\n    \"b\": 5\n}', '2', '::1', '2026-04-12 03:21:18');
INSERT INTO `log_alteracoes` (`id`, `usuario_id`, `acao`, `tabela_afetada`, `registro_id`, `detalhes_alteracao`, `paroquia_id`, `ip_origem`, `data_hora`) VALUES ('89', '1', 'MOVER_PERFIL', 'perfis', '4', '{\n    \"dir\": \"up\",\n    \"a\": 4,\n    \"b\": 3\n}', '2', '::1', '2026-04-12 03:21:25');
INSERT INTO `log_alteracoes` (`id`, `usuario_id`, `acao`, `tabela_afetada`, `registro_id`, `detalhes_alteracao`, `paroquia_id`, `ip_origem`, `data_hora`) VALUES ('90', '1', 'MOVER_PERFIL', 'perfis', '5', '{\n    \"dir\": \"up\",\n    \"a\": 5,\n    \"b\": 4\n}', '2', '::1', '2026-04-12 03:21:30');
INSERT INTO `log_alteracoes` (`id`, `usuario_id`, `acao`, `tabela_afetada`, `registro_id`, `detalhes_alteracao`, `paroquia_id`, `ip_origem`, `data_hora`) VALUES ('91', '1', 'MOVER_PERFIL', 'perfis', '6', '{\n    \"dir\": \"up\",\n    \"a\": 6,\n    \"b\": 5\n}', '2', '::1', '2026-04-12 03:21:37');
INSERT INTO `log_alteracoes` (`id`, `usuario_id`, `acao`, `tabela_afetada`, `registro_id`, `detalhes_alteracao`, `paroquia_id`, `ip_origem`, `data_hora`) VALUES ('92', '1', 'MOVER_PERFIL', 'perfis', '3', '{\n    \"dir\": \"down\",\n    \"a\": 3,\n    \"b\": 4\n}', '2', '::1', '2026-04-12 03:21:54');
INSERT INTO `log_alteracoes` (`id`, `usuario_id`, `acao`, `tabela_afetada`, `registro_id`, `detalhes_alteracao`, `paroquia_id`, `ip_origem`, `data_hora`) VALUES ('93', '1', 'MOVER_PERFIL', 'perfis', '4', '{\n    \"dir\": \"down\",\n    \"a\": 4,\n    \"b\": 5\n}', '2', '::1', '2026-04-12 03:21:59');
INSERT INTO `log_alteracoes` (`id`, `usuario_id`, `acao`, `tabela_afetada`, `registro_id`, `detalhes_alteracao`, `paroquia_id`, `ip_origem`, `data_hora`) VALUES ('94', '1', 'MOVER_PERFIL', 'perfis', '5', '{\n    \"dir\": \"down\",\n    \"a\": 5,\n    \"b\": 6\n}', '2', '::1', '2026-04-12 03:22:09');
INSERT INTO `log_alteracoes` (`id`, `usuario_id`, `acao`, `tabela_afetada`, `registro_id`, `detalhes_alteracao`, `paroquia_id`, `ip_origem`, `data_hora`) VALUES ('95', '1', 'MOVER_PERFIL', 'perfis', '6', '{\n    \"dir\": \"down\",\n    \"a\": 6,\n    \"b\": 7\n}', '2', '::1', '2026-04-12 03:22:11');
INSERT INTO `log_alteracoes` (`id`, `usuario_id`, `acao`, `tabela_afetada`, `registro_id`, `detalhes_alteracao`, `paroquia_id`, `ip_origem`, `data_hora`) VALUES ('96', '1', 'MOVER_PERFIL', 'perfis', '7', '{\n    \"dir\": \"down\",\n    \"a\": 7,\n    \"b\": 8\n}', '2', '::1', '2026-04-12 03:22:13');
INSERT INTO `log_alteracoes` (`id`, `usuario_id`, `acao`, `tabela_afetada`, `registro_id`, `detalhes_alteracao`, `paroquia_id`, `ip_origem`, `data_hora`) VALUES ('97', '1', 'MOVER_PERFIL', 'perfis', '8', '{\n    \"dir\": \"down\",\n    \"a\": 8,\n    \"b\": 9\n}', '2', '::1', '2026-04-12 03:22:19');
INSERT INTO `log_alteracoes` (`id`, `usuario_id`, `acao`, `tabela_afetada`, `registro_id`, `detalhes_alteracao`, `paroquia_id`, `ip_origem`, `data_hora`) VALUES ('98', '1', 'MOVER_PERFIL', 'perfis', '9', '{\n    \"dir\": \"down\",\n    \"a\": 9,\n    \"b\": 10\n}', '2', '::1', '2026-04-12 03:22:22');
INSERT INTO `log_alteracoes` (`id`, `usuario_id`, `acao`, `tabela_afetada`, `registro_id`, `detalhes_alteracao`, `paroquia_id`, `ip_origem`, `data_hora`) VALUES ('99', '1', 'EDITAR_PERFIL', 'perfis', '10', '{\n    \"antigo\": {\n        \"id\": 10,\n        \"paroquia_id\": 2,\n        \"nome_perfil\": \"VIGARIO\",\n        \"descricao\": \"\",\n        \"perm_ver_calendario\": 1,\n        \"perm_criar_eventos\": 1,\n        \"perm_editar_eventos\": 1,\n        \"perm_excluir_eventos\": 1,\n        \"perm_ver_restritos\": 1,\n        \"perm_admin_usuarios\": 0,\n        \"perm_admin_sistema\": 0,\n        \"perm_ver_logs\": 0,\n        \"perm_cadastrar_usuario\": 1\n    },\n    \"novo\": {\n        \"id\": 10,\n        \"paroquia_id\": 2,\n        \"nome_perfil\": \"FIEL DA IGREJA\",\n        \"descricao\": null,\n        \"perm_ver_calendario\": 1,\n        \"perm_criar_eventos\": 1,\n        \"perm_editar_eventos\": 1,\n        \"perm_excluir_eventos\": 1,\n        \"perm_ver_restritos\": 1,\n        \"perm_admin_usuarios\": 0,\n        \"perm_admin_sistema\": 0,\n        \"perm_ver_logs\": 0,\n        \"perm_cadastrar_usuario\": 1\n    }\n}', '2', '::1', '2026-04-12 03:22:51');
INSERT INTO `log_alteracoes` (`id`, `usuario_id`, `acao`, `tabela_afetada`, `registro_id`, `detalhes_alteracao`, `paroquia_id`, `ip_origem`, `data_hora`) VALUES ('100', '10', 'EDITAR_USUARIO', 'usuarios', '12', '{\n    \"antigo\": {\n        \"id\": \"12\",\n        \"nome\": \"Alif Victória Alves de Lima\",\n        \"email\": \"vitoriaalif@gmail.com\",\n        \"senha\": \"$2y$12$ztdsryI7xcBHNwC91a6aMOeOGx5Pm.GqkvzxyST7sUj8XFYd\\/QWU6\",\n        \"perfil_id\": \"7\",\n        \"paroquia_id\": \"2\",\n        \"sexo\": \"F\",\n        \"telefone\": \"(81) 98371-1185\",\n        \"palavra_chave\": null,\n        \"ativo\": \"1\",\n        \"perm_criar_eventos\": \"0\",\n        \"perm_editar_eventos\": \"0\",\n        \"perm_excluir_eventos\": \"0\",\n        \"perm_ver_restritos\": \"0\",\n        \"perm_cadastrar_usuario\": \"0\",\n        \"perm_admin_usuarios\": \"0\",\n        \"perm_ver_logs\": \"0\",\n        \"data_criacao\": \"2026-04-08 23:31:59\",\n        \"ultimo_login\": \"2026-04-09 00:36:13\",\n        \"data_nascimento\": \"2009-01-05\",\n        \"foto_perfil\": null,\n        \"nivel_acesso\": \"6\",\n        \"perfil_nome\": \"PASCOM AGENTE\",\n        \"perm_ver_calendario\": \"1\",\n        \"perm_admin_sistema\": \"0\",\n        \"perm_gerenciar_catalogo\": \"0\",\n        \"perm_gerenciar_grupos\": \"0\"\n    },\n    \"novo\": {\n        \"id\": \"12\",\n        \"nome\": \"Alif Victória Alves de Lima\",\n        \"email\": \"vitoriaalif@gmail.com\",\n        \"senha\": \"$2y$12$ztdsryI7xcBHNwC91a6aMOeOGx5Pm.GqkvzxyST7sUj8XFYd\\/QWU6\",\n        \"perfil_id\": \"7\",\n        \"paroquia_id\": \"2\",\n        \"sexo\": \"F\",\n        \"telefone\": \"(81) 98371-1185\",\n        \"palavra_chave\": null,\n        \"ativo\": \"1\",\n        \"perm_criar_eventos\": \"0\",\n        \"perm_editar_eventos\": \"0\",\n        \"perm_excluir_eventos\": \"0\",\n        \"perm_ver_restritos\": \"0\",\n        \"perm_cadastrar_usuario\": \"0\",\n        \"perm_admin_usuarios\": \"0\",\n        \"perm_ver_logs\": \"0\",\n        \"data_criacao\": \"2026-04-08 23:31:59\",\n        \"ultimo_login\": \"2026-04-09 00:36:13\",\n        \"data_nascimento\": \"2009-01-05\",\n        \"foto_perfil\": null,\n        \"nivel_acesso\": \"6\",\n        \"perfil_nome\": \"PASCOM AGENTE\",\n        \"perm_ver_calendario\": \"1\",\n        \"perm_admin_sistema\": \"0\",\n        \"perm_gerenciar_catalogo\": \"0\",\n        \"perm_gerenciar_grupos\": \"0\"\n    }\n}', '2', '::1', '2026-04-12 03:23:45');

INSERT INTO `paroquias` (`id`, `nome`, `cidade`, `estado`, `diocese`, `ativo`, `data_criacao`) VALUES ('1', 'Igreja Católica Apostólica Romana', 'Vaticano', 'IT', 'Santa Sé', '1', '2026-03-11 22:37:29');
INSERT INTO `paroquias` (`id`, `nome`, `cidade`, `estado`, `diocese`, `ativo`, `data_criacao`) VALUES ('2', 'Nossa Senhora da Conceição', 'Pernambuco', 'PE', 'AOR', '1', '2026-04-08 02:33:29');

INSERT INTO `perfis` (`id`, `paroquia_id`, `nome_perfil`, `descricao`, `perm_ver_calendario`, `perm_criar_eventos`, `perm_editar_eventos`, `perm_excluir_eventos`, `perm_ver_restritos`, `perm_admin_usuarios`, `perm_admin_sistema`, `perm_ver_logs`, `perm_cadastrar_usuario`) VALUES ('2', '2', 'ADMINISTRADOR PAROQUIAL', NULL, '1', '1', '1', '1', '1', '1', '1', '1', '1');
INSERT INTO `perfis` (`id`, `paroquia_id`, `nome_perfil`, `descricao`, `perm_ver_calendario`, `perm_criar_eventos`, `perm_editar_eventos`, `perm_excluir_eventos`, `perm_ver_restritos`, `perm_admin_usuarios`, `perm_admin_sistema`, `perm_ver_logs`, `perm_cadastrar_usuario`) VALUES ('3', '2', 'VIGÁRIO', '', '1', '0', '0', '0', '0', '0', '0', '0', '0');
INSERT INTO `perfis` (`id`, `paroquia_id`, `nome_perfil`, `descricao`, `perm_ver_calendario`, `perm_criar_eventos`, `perm_editar_eventos`, `perm_excluir_eventos`, `perm_ver_restritos`, `perm_admin_usuarios`, `perm_admin_sistema`, `perm_ver_logs`, `perm_cadastrar_usuario`) VALUES ('4', '2', 'DIACONO', '', '1', '0', '0', '0', '0', '0', '0', '0', '0');
INSERT INTO `perfis` (`id`, `paroquia_id`, `nome_perfil`, `descricao`, `perm_ver_calendario`, `perm_criar_eventos`, `perm_editar_eventos`, `perm_excluir_eventos`, `perm_ver_restritos`, `perm_admin_usuarios`, `perm_admin_sistema`, `perm_ver_logs`, `perm_cadastrar_usuario`) VALUES ('5', '2', 'SECRETARIA', '', '1', '1', '1', '1', '1', '0', '0', '0', '0');
INSERT INTO `perfis` (`id`, `paroquia_id`, `nome_perfil`, `descricao`, `perm_ver_calendario`, `perm_criar_eventos`, `perm_editar_eventos`, `perm_excluir_eventos`, `perm_ver_restritos`, `perm_admin_usuarios`, `perm_admin_sistema`, `perm_ver_logs`, `perm_cadastrar_usuario`) VALUES ('6', '2', 'PASCOM ADM', '', '1', '1', '1', '1', '0', '0', '0', '0', '1');
INSERT INTO `perfis` (`id`, `paroquia_id`, `nome_perfil`, `descricao`, `perm_ver_calendario`, `perm_criar_eventos`, `perm_editar_eventos`, `perm_excluir_eventos`, `perm_ver_restritos`, `perm_admin_usuarios`, `perm_admin_sistema`, `perm_ver_logs`, `perm_cadastrar_usuario`) VALUES ('7', '2', 'PASCOM AGENTE', '', '1', '1', '0', '0', '0', '0', '0', '0', '0');
INSERT INTO `perfis` (`id`, `paroquia_id`, `nome_perfil`, `descricao`, `perm_ver_calendario`, `perm_criar_eventos`, `perm_editar_eventos`, `perm_excluir_eventos`, `perm_ver_restritos`, `perm_admin_usuarios`, `perm_admin_sistema`, `perm_ver_logs`, `perm_cadastrar_usuario`) VALUES ('8', '2', 'PASCOM AGENTE 2', '', '1', '0', '0', '0', '0', '0', '0', '0', '0');
INSERT INTO `perfis` (`id`, `paroquia_id`, `nome_perfil`, `descricao`, `perm_ver_calendario`, `perm_criar_eventos`, `perm_editar_eventos`, `perm_excluir_eventos`, `perm_ver_restritos`, `perm_admin_usuarios`, `perm_admin_sistema`, `perm_ver_logs`, `perm_cadastrar_usuario`) VALUES ('9', '2', 'CORDENADOR PASTORAL', '', '1', '0', '0', '0', '0', '0', '0', '0', '0');
INSERT INTO `perfis` (`id`, `paroquia_id`, `nome_perfil`, `descricao`, `perm_ver_calendario`, `perm_criar_eventos`, `perm_editar_eventos`, `perm_excluir_eventos`, `perm_ver_restritos`, `perm_admin_usuarios`, `perm_admin_sistema`, `perm_ver_logs`, `perm_cadastrar_usuario`) VALUES ('10', '2', 'FIEL DA IGREJA', NULL, '1', '1', '1', '1', '1', '0', '0', '0', '1');
INSERT INTO `perfis` (`id`, `paroquia_id`, `nome_perfil`, `descricao`, `perm_ver_calendario`, `perm_criar_eventos`, `perm_editar_eventos`, `perm_excluir_eventos`, `perm_ver_restritos`, `perm_admin_usuarios`, `perm_admin_sistema`, `perm_ver_logs`, `perm_cadastrar_usuario`) VALUES ('11', '2', 'VISITANTE', '', '1', '0', '0', '0', '0', '0', '0', '0', '0');

INSERT INTO `tabelaperfil` (`id`, `paroquia_id`, `nome_perfil`, `descricao`, `perm_ver_calendario`, `perm_criar_eventos`, `perm_editar_eventos`, `perm_excluir_eventos`, `perm_ver_restritos`, `perm_admin_usuarios`, `perm_admin_sistema`, `perm_ver_logs`, `perm_cadastrar_usuario`) VALUES ('2', '2', 'ADMINISTRADOR PAROQUIAL', NULL, '1', '1', '1', '1', '1', '1', '1', '1', '1');
INSERT INTO `tabelaperfil` (`id`, `paroquia_id`, `nome_perfil`, `descricao`, `perm_ver_calendario`, `perm_criar_eventos`, `perm_editar_eventos`, `perm_excluir_eventos`, `perm_ver_restritos`, `perm_admin_usuarios`, `perm_admin_sistema`, `perm_ver_logs`, `perm_cadastrar_usuario`) VALUES ('3', '2', 'SECRETARIA', NULL, '1', '1', '1', '1', '1', '0', '0', '0', '0');
INSERT INTO `tabelaperfil` (`id`, `paroquia_id`, `nome_perfil`, `descricao`, `perm_ver_calendario`, `perm_criar_eventos`, `perm_editar_eventos`, `perm_excluir_eventos`, `perm_ver_restritos`, `perm_admin_usuarios`, `perm_admin_sistema`, `perm_ver_logs`, `perm_cadastrar_usuario`) VALUES ('4', '2', 'Perfil #4', NULL, '1', '1', '1', '1', '1', '0', '0', '0', '1');
INSERT INTO `tabelaperfil` (`id`, `paroquia_id`, `nome_perfil`, `descricao`, `perm_ver_calendario`, `perm_criar_eventos`, `perm_editar_eventos`, `perm_excluir_eventos`, `perm_ver_restritos`, `perm_admin_usuarios`, `perm_admin_sistema`, `perm_ver_logs`, `perm_cadastrar_usuario`) VALUES ('5', '2', 'DIACONO', '', '1', '0', '0', '0', '0', '0', '0', '0', '0');
INSERT INTO `tabelaperfil` (`id`, `paroquia_id`, `nome_perfil`, `descricao`, `perm_ver_calendario`, `perm_criar_eventos`, `perm_editar_eventos`, `perm_excluir_eventos`, `perm_ver_restritos`, `perm_admin_usuarios`, `perm_admin_sistema`, `perm_ver_logs`, `perm_cadastrar_usuario`) VALUES ('6', '2', 'PASCOM ADM', '', '1', '1', '1', '1', '0', '0', '0', '0', '1');
INSERT INTO `tabelaperfil` (`id`, `paroquia_id`, `nome_perfil`, `descricao`, `perm_ver_calendario`, `perm_criar_eventos`, `perm_editar_eventos`, `perm_excluir_eventos`, `perm_ver_restritos`, `perm_admin_usuarios`, `perm_admin_sistema`, `perm_ver_logs`, `perm_cadastrar_usuario`) VALUES ('7', '2', 'PASCOM AGENTE', '', '1', '1', '0', '0', '0', '0', '0', '0', '0');
INSERT INTO `tabelaperfil` (`id`, `paroquia_id`, `nome_perfil`, `descricao`, `perm_ver_calendario`, `perm_criar_eventos`, `perm_editar_eventos`, `perm_excluir_eventos`, `perm_ver_restritos`, `perm_admin_usuarios`, `perm_admin_sistema`, `perm_ver_logs`, `perm_cadastrar_usuario`) VALUES ('8', '2', 'PASCOM AGENTE 2', '', '1', '0', '0', '0', '0', '0', '0', '0', '0');
INSERT INTO `tabelaperfil` (`id`, `paroquia_id`, `nome_perfil`, `descricao`, `perm_ver_calendario`, `perm_criar_eventos`, `perm_editar_eventos`, `perm_excluir_eventos`, `perm_ver_restritos`, `perm_admin_usuarios`, `perm_admin_sistema`, `perm_ver_logs`, `perm_cadastrar_usuario`) VALUES ('9', '2', 'Perfil #9', '', '1', '0', '0', '0', '0', '0', '0', '0', '0');
INSERT INTO `tabelaperfil` (`id`, `paroquia_id`, `nome_perfil`, `descricao`, `perm_ver_calendario`, `perm_criar_eventos`, `perm_editar_eventos`, `perm_excluir_eventos`, `perm_ver_restritos`, `perm_admin_usuarios`, `perm_admin_sistema`, `perm_ver_logs`, `perm_cadastrar_usuario`) VALUES ('10', '2', 'Perfil #10', '', '1', '0', '0', '0', '0', '0', '0', '0', '0');
INSERT INTO `tabelaperfil` (`id`, `paroquia_id`, `nome_perfil`, `descricao`, `perm_ver_calendario`, `perm_criar_eventos`, `perm_editar_eventos`, `perm_excluir_eventos`, `perm_ver_restritos`, `perm_admin_usuarios`, `perm_admin_sistema`, `perm_ver_logs`, `perm_cadastrar_usuario`) VALUES ('11', '2', 'VIGÁRIO', NULL, '1', '0', '0', '0', '0', '0', '0', '0', '0');

INSERT INTO `tipos_atividade` (`id`, `paroquia_id`, `nome_tipo`, `cor`, `icone`, `descricao`) VALUES ('1', '2', 'Celebração', '#9333ea', '🙏', 'Test description');
INSERT INTO `tipos_atividade` (`id`, `paroquia_id`, `nome_tipo`, `cor`, `icone`, `descricao`) VALUES ('2', '2', 'Evento Social', '#db2777', '🎨', 'Test description');
INSERT INTO `tipos_atividade` (`id`, `paroquia_id`, `nome_tipo`, `cor`, `icone`, `descricao`) VALUES ('3', '2', 'Formação', '#2563eb', '⛪', 'Test description');
INSERT INTO `tipos_atividade` (`id`, `paroquia_id`, `nome_tipo`, `cor`, `icone`, `descricao`) VALUES ('4', '2', 'Reunião', '#059669', '📖', 'Test description');
INSERT INTO `tipos_atividade` (`id`, `paroquia_id`, `nome_tipo`, `cor`, `icone`, `descricao`) VALUES ('5', '2', 'Quermesse', '#059669', '🍷', 'Test description');
INSERT INTO `tipos_atividade` (`id`, `paroquia_id`, `nome_tipo`, `cor`, `icone`, `descricao`) VALUES ('6', '2', 'Festa', '#059669', '🔥', 'Test description');
INSERT INTO `tipos_atividade` (`id`, `paroquia_id`, `nome_tipo`, `cor`, `icone`, `descricao`) VALUES ('7', '2', 'Programar Meta business', '#059669', '🖥️', 'Test description');

INSERT INTO `usuario_grupos` (`usuario_id`, `grupo_id`, `paroquia_id`) VALUES ('1', '1', '2');
INSERT INTO `usuario_grupos` (`usuario_id`, `grupo_id`, `paroquia_id`) VALUES ('1', '2', '2');
INSERT INTO `usuario_grupos` (`usuario_id`, `grupo_id`, `paroquia_id`) VALUES ('1', '3', '2');
INSERT INTO `usuario_grupos` (`usuario_id`, `grupo_id`, `paroquia_id`) VALUES ('1', '4', '2');
INSERT INTO `usuario_grupos` (`usuario_id`, `grupo_id`, `paroquia_id`) VALUES ('1', '5', '1');
INSERT INTO `usuario_grupos` (`usuario_id`, `grupo_id`, `paroquia_id`) VALUES ('1', '6', '2');
INSERT INTO `usuario_grupos` (`usuario_id`, `grupo_id`, `paroquia_id`) VALUES ('1', '7', '2');
INSERT INTO `usuario_grupos` (`usuario_id`, `grupo_id`, `paroquia_id`) VALUES ('1', '8', '2');
INSERT INTO `usuario_grupos` (`usuario_id`, `grupo_id`, `paroquia_id`) VALUES ('1', '9', '1');
INSERT INTO `usuario_grupos` (`usuario_id`, `grupo_id`, `paroquia_id`) VALUES ('1', '10', '1');
INSERT INTO `usuario_grupos` (`usuario_id`, `grupo_id`, `paroquia_id`) VALUES ('2', '4', '2');
INSERT INTO `usuario_grupos` (`usuario_id`, `grupo_id`, `paroquia_id`) VALUES ('2', '7', '2');
INSERT INTO `usuario_grupos` (`usuario_id`, `grupo_id`, `paroquia_id`) VALUES ('3', '4', '2');
INSERT INTO `usuario_grupos` (`usuario_id`, `grupo_id`, `paroquia_id`) VALUES ('3', '7', '2');
INSERT INTO `usuario_grupos` (`usuario_id`, `grupo_id`, `paroquia_id`) VALUES ('5', '4', '2');
INSERT INTO `usuario_grupos` (`usuario_id`, `grupo_id`, `paroquia_id`) VALUES ('5', '7', '2');
INSERT INTO `usuario_grupos` (`usuario_id`, `grupo_id`, `paroquia_id`) VALUES ('6', '1', '2');
INSERT INTO `usuario_grupos` (`usuario_id`, `grupo_id`, `paroquia_id`) VALUES ('6', '2', '2');
INSERT INTO `usuario_grupos` (`usuario_id`, `grupo_id`, `paroquia_id`) VALUES ('6', '7', '2');
INSERT INTO `usuario_grupos` (`usuario_id`, `grupo_id`, `paroquia_id`) VALUES ('7', '1', '2');
INSERT INTO `usuario_grupos` (`usuario_id`, `grupo_id`, `paroquia_id`) VALUES ('7', '2', '2');
INSERT INTO `usuario_grupos` (`usuario_id`, `grupo_id`, `paroquia_id`) VALUES ('7', '3', '2');
INSERT INTO `usuario_grupos` (`usuario_id`, `grupo_id`, `paroquia_id`) VALUES ('7', '5', '2');
INSERT INTO `usuario_grupos` (`usuario_id`, `grupo_id`, `paroquia_id`) VALUES ('7', '7', '2');
INSERT INTO `usuario_grupos` (`usuario_id`, `grupo_id`, `paroquia_id`) VALUES ('7', '8', '2');
INSERT INTO `usuario_grupos` (`usuario_id`, `grupo_id`, `paroquia_id`) VALUES ('8', '1', '2');
INSERT INTO `usuario_grupos` (`usuario_id`, `grupo_id`, `paroquia_id`) VALUES ('8', '7', '2');
INSERT INTO `usuario_grupos` (`usuario_id`, `grupo_id`, `paroquia_id`) VALUES ('10', '1', '2');
INSERT INTO `usuario_grupos` (`usuario_id`, `grupo_id`, `paroquia_id`) VALUES ('10', '2', '2');
INSERT INTO `usuario_grupos` (`usuario_id`, `grupo_id`, `paroquia_id`) VALUES ('10', '3', '2');
INSERT INTO `usuario_grupos` (`usuario_id`, `grupo_id`, `paroquia_id`) VALUES ('10', '4', '2');
INSERT INTO `usuario_grupos` (`usuario_id`, `grupo_id`, `paroquia_id`) VALUES ('10', '6', '2');
INSERT INTO `usuario_grupos` (`usuario_id`, `grupo_id`, `paroquia_id`) VALUES ('10', '7', '2');
INSERT INTO `usuario_grupos` (`usuario_id`, `grupo_id`, `paroquia_id`) VALUES ('10', '8', '2');
INSERT INTO `usuario_grupos` (`usuario_id`, `grupo_id`, `paroquia_id`) VALUES ('11', '1', '2');
INSERT INTO `usuario_grupos` (`usuario_id`, `grupo_id`, `paroquia_id`) VALUES ('11', '7', '2');
INSERT INTO `usuario_grupos` (`usuario_id`, `grupo_id`, `paroquia_id`) VALUES ('12', '1', '2');
INSERT INTO `usuario_grupos` (`usuario_id`, `grupo_id`, `paroquia_id`) VALUES ('12', '7', '2');
INSERT INTO `usuario_grupos` (`usuario_id`, `grupo_id`, `paroquia_id`) VALUES ('13', '1', '2');
INSERT INTO `usuario_grupos` (`usuario_id`, `grupo_id`, `paroquia_id`) VALUES ('13', '7', '2');
INSERT INTO `usuario_grupos` (`usuario_id`, `grupo_id`, `paroquia_id`) VALUES ('14', '1', '2');
INSERT INTO `usuario_grupos` (`usuario_id`, `grupo_id`, `paroquia_id`) VALUES ('14', '7', '2');
INSERT INTO `usuario_grupos` (`usuario_id`, `grupo_id`, `paroquia_id`) VALUES ('15', '1', '2');
INSERT INTO `usuario_grupos` (`usuario_id`, `grupo_id`, `paroquia_id`) VALUES ('15', '7', '2');
INSERT INTO `usuario_grupos` (`usuario_id`, `grupo_id`, `paroquia_id`) VALUES ('16', '1', '2');
INSERT INTO `usuario_grupos` (`usuario_id`, `grupo_id`, `paroquia_id`) VALUES ('16', '7', '2');
INSERT INTO `usuario_grupos` (`usuario_id`, `grupo_id`, `paroquia_id`) VALUES ('17', '1', '2');
INSERT INTO `usuario_grupos` (`usuario_id`, `grupo_id`, `paroquia_id`) VALUES ('17', '7', '2');
INSERT INTO `usuario_grupos` (`usuario_id`, `grupo_id`, `paroquia_id`) VALUES ('18', '1', '2');
INSERT INTO `usuario_grupos` (`usuario_id`, `grupo_id`, `paroquia_id`) VALUES ('18', '7', '2');
INSERT INTO `usuario_grupos` (`usuario_id`, `grupo_id`, `paroquia_id`) VALUES ('19', '1', '2');
INSERT INTO `usuario_grupos` (`usuario_id`, `grupo_id`, `paroquia_id`) VALUES ('19', '7', '2');
INSERT INTO `usuario_grupos` (`usuario_id`, `grupo_id`, `paroquia_id`) VALUES ('20', '1', '2');
INSERT INTO `usuario_grupos` (`usuario_id`, `grupo_id`, `paroquia_id`) VALUES ('20', '7', '2');
INSERT INTO `usuario_grupos` (`usuario_id`, `grupo_id`, `paroquia_id`) VALUES ('21', '7', '2');
INSERT INTO `usuario_grupos` (`usuario_id`, `grupo_id`, `paroquia_id`) VALUES ('22', '1', '2');
INSERT INTO `usuario_grupos` (`usuario_id`, `grupo_id`, `paroquia_id`) VALUES ('22', '7', '2');
INSERT INTO `usuario_grupos` (`usuario_id`, `grupo_id`, `paroquia_id`) VALUES ('23', '1', '2');
INSERT INTO `usuario_grupos` (`usuario_id`, `grupo_id`, `paroquia_id`) VALUES ('23', '7', '2');
INSERT INTO `usuario_grupos` (`usuario_id`, `grupo_id`, `paroquia_id`) VALUES ('25', '9', '1');
INSERT INTO `usuario_grupos` (`usuario_id`, `grupo_id`, `paroquia_id`) VALUES ('26', '9', '1');
INSERT INTO `usuario_grupos` (`usuario_id`, `grupo_id`, `paroquia_id`) VALUES ('27', '9', '1');
INSERT INTO `usuario_grupos` (`usuario_id`, `grupo_id`, `paroquia_id`) VALUES ('28', '9', '1');
INSERT INTO `usuario_grupos` (`usuario_id`, `grupo_id`, `paroquia_id`) VALUES ('29', '9', '1');
INSERT INTO `usuario_grupos` (`usuario_id`, `grupo_id`, `paroquia_id`) VALUES ('31', '9', '1');

INSERT INTO `usuarios` (`id`, `nome`, `email`, `senha`, `perfil_id`, `paroquia_id`, `sexo`, `telefone`, `palavra_chave`, `ativo`, `perm_criar_eventos`, `perm_editar_eventos`, `perm_excluir_eventos`, `perm_ver_restritos`, `perm_cadastrar_usuario`, `perm_admin_usuarios`, `perm_ver_logs`, `data_criacao`, `ultimo_login`, `data_nascimento`, `foto_perfil`, `nivel_acesso`, `perfil_nome`, `perm_ver_calendario`, `perm_admin_sistema`, `perm_gerenciar_catalogo`, `perm_gerenciar_grupos`) VALUES ('1', 'Admin Sistema', 'admin@sistema.com', '$2y$10$iMo.UCnR5cHn8SbDxbYpPuQ2VpI07iFss7FjrKJyEfVZwjM.0o9N2', '2', '2', 'M', '(81) 99999999', 'PASCOM2026', '1', '0', '0', '0', '0', '0', '0', '0', '2026-03-11 22:37:29', '2026-04-12 03:06:52', '1988-12-14', 'img/usuarios/user_1_0af8cc25e98c.png', '0', 'ADMINISTRADOR', '0', '0', '0', '0');
INSERT INTO `usuarios` (`id`, `nome`, `email`, `senha`, `perfil_id`, `paroquia_id`, `sexo`, `telefone`, `palavra_chave`, `ativo`, `perm_criar_eventos`, `perm_editar_eventos`, `perm_excluir_eventos`, `perm_ver_restritos`, `perm_cadastrar_usuario`, `perm_admin_usuarios`, `perm_ver_logs`, `data_criacao`, `ultimo_login`, `data_nascimento`, `foto_perfil`, `nivel_acesso`, `perfil_nome`, `perm_ver_calendario`, `perm_admin_sistema`, `perm_gerenciar_catalogo`, `perm_gerenciar_grupos`) VALUES ('2', 'Pe. Sérgio Muniz', 'pesergio@gmail.com', '$2y$10$wRo8Qwh6jwHxTbTYfF3bJu068nLyv/5BIcRpC33pBlx.i/wnNUamq', '2', '2', 'M', '(81) 99615-8138', NULL, '1', '1', '1', '1', '1', '0', '0', '0', '2026-03-11 22:37:29', '2026-04-10 18:50:13', '1988-12-14', 'img/usuarios/user_2_95df4fe673ee.jpeg', '2', 'ADMINISTRADOR PAROQUIAL', '1', '0', '0', '0');
INSERT INTO `usuarios` (`id`, `nome`, `email`, `senha`, `perfil_id`, `paroquia_id`, `sexo`, `telefone`, `palavra_chave`, `ativo`, `perm_criar_eventos`, `perm_editar_eventos`, `perm_excluir_eventos`, `perm_ver_restritos`, `perm_cadastrar_usuario`, `perm_admin_usuarios`, `perm_ver_logs`, `data_criacao`, `ultimo_login`, `data_nascimento`, `foto_perfil`, `nivel_acesso`, `perfil_nome`, `perm_ver_calendario`, `perm_admin_sistema`, `perm_gerenciar_catalogo`, `perm_gerenciar_grupos`) VALUES ('3', 'Ana Carla de Melo', 'secretariaparoquialiputinga@gmail.com', '$2y$10$tQYJobX9dIigeO9bejndkeGx1fQM5pLxhqXS7ioa5GvXgQSobDJGu', '3', '2', 'F', '', NULL, '1', '1', '1', '1', '1', '0', '0', '0', '2026-03-11 22:37:29', '2026-04-10 18:54:43', '1980-11-28', 'img/usuarios/user_3_df51e6ef085c.jpeg', '2', 'VIGÁRIO', '1', '0', '0', '0');
INSERT INTO `usuarios` (`id`, `nome`, `email`, `senha`, `perfil_id`, `paroquia_id`, `sexo`, `telefone`, `palavra_chave`, `ativo`, `perm_criar_eventos`, `perm_editar_eventos`, `perm_excluir_eventos`, `perm_ver_restritos`, `perm_cadastrar_usuario`, `perm_admin_usuarios`, `perm_ver_logs`, `data_criacao`, `ultimo_login`, `data_nascimento`, `foto_perfil`, `nivel_acesso`, `perfil_nome`, `perm_ver_calendario`, `perm_admin_sistema`, `perm_gerenciar_catalogo`, `perm_gerenciar_grupos`) VALUES ('5', 'Diácono Teixeira', 'diacono@gmail.com', '$2y$10$UfMfJlKBEB7r6qlA1BU6hu4cF1XRw61Wjw4Q/IpQuoatzU6mZkGUS', '5', '2', 'M', '(81) 98628-0580', NULL, '1', '0', '0', '0', '0', '0', '0', '0', '2026-04-08 02:11:32', NULL, NULL, 'img/usuarios/user_5_02c9ef55625c.jpeg', '3', 'SECRETARIA', '1', '0', '0', '0');
INSERT INTO `usuarios` (`id`, `nome`, `email`, `senha`, `perfil_id`, `paroquia_id`, `sexo`, `telefone`, `palavra_chave`, `ativo`, `perm_criar_eventos`, `perm_editar_eventos`, `perm_excluir_eventos`, `perm_ver_restritos`, `perm_cadastrar_usuario`, `perm_admin_usuarios`, `perm_ver_logs`, `data_criacao`, `ultimo_login`, `data_nascimento`, `foto_perfil`, `nivel_acesso`, `perfil_nome`, `perm_ver_calendario`, `perm_admin_sistema`, `perm_gerenciar_catalogo`, `perm_gerenciar_grupos`) VALUES ('6', 'Maria Eduarda', 'mariaeduarda@gmail.com', '$2y$10$v2RYQM5fmXBWU5Gjyh0GXuDintU6BDDf4f6JCdQWQjN16BUs2Wdti', '5', '2', 'F', '(81 ) 98362-5306', NULL, '1', '1', '1', '1', '0', '0', '0', '0', '2026-04-08 02:11:32', '2026-04-10 21:38:09', NULL, 'img/usuarios/user_6_b7012fef1728.jpeg', '5', 'SECRETARIA', '1', '0', '0', '0');
INSERT INTO `usuarios` (`id`, `nome`, `email`, `senha`, `perfil_id`, `paroquia_id`, `sexo`, `telefone`, `palavra_chave`, `ativo`, `perm_criar_eventos`, `perm_editar_eventos`, `perm_excluir_eventos`, `perm_ver_restritos`, `perm_cadastrar_usuario`, `perm_admin_usuarios`, `perm_ver_logs`, `data_criacao`, `ultimo_login`, `data_nascimento`, `foto_perfil`, `nivel_acesso`, `perfil_nome`, `perm_ver_calendario`, `perm_admin_sistema`, `perm_gerenciar_catalogo`, `perm_gerenciar_grupos`) VALUES ('7', 'Amanda Leal', 'amandaleal@gmail.com', '$2y$10$i3YrXwlRKxww3QvuBU1QO.KoBQCBnIbC4WxHpfZQuzecZ1HAyoXdC', '6', '2', 'F', '(81) 99858-6006', NULL, '1', '1', '1', '1', '0', '1', '1', '0', '2026-04-08 02:11:32', '2026-04-12 02:43:31', '1987-03-11', 'img/usuarios/user_7_9988b8ae3614.jpeg', '3', 'PASCOM ADM', '1', '0', '1', '0');
INSERT INTO `usuarios` (`id`, `nome`, `email`, `senha`, `perfil_id`, `paroquia_id`, `sexo`, `telefone`, `palavra_chave`, `ativo`, `perm_criar_eventos`, `perm_editar_eventos`, `perm_excluir_eventos`, `perm_ver_restritos`, `perm_cadastrar_usuario`, `perm_admin_usuarios`, `perm_ver_logs`, `data_criacao`, `ultimo_login`, `data_nascimento`, `foto_perfil`, `nivel_acesso`, `perfil_nome`, `perm_ver_calendario`, `perm_admin_sistema`, `perm_gerenciar_catalogo`, `perm_gerenciar_grupos`) VALUES ('8', 'Gabriel Bonfin', 'gabriel@gmail.com', '$2y$10$vsVhp60bGkJyCfIeMKT.be3IrkW5wwwTjYqcU2FrAhAbIzJ4YgEGm', '6', '2', 'M', '(81) 99693-4222', NULL, '1', '1', '1', '1', '0', '0', '0', '0', '2026-04-08 03:34:04', '2026-04-08 21:30:00', '1997-05-12', 'img/usuarios/user_8_24dc5ad775cd.jpeg', '5', 'PASCOM ADM', '1', '0', '0', '0');
INSERT INTO `usuarios` (`id`, `nome`, `email`, `senha`, `perfil_id`, `paroquia_id`, `sexo`, `telefone`, `palavra_chave`, `ativo`, `perm_criar_eventos`, `perm_editar_eventos`, `perm_excluir_eventos`, `perm_ver_restritos`, `perm_cadastrar_usuario`, `perm_admin_usuarios`, `perm_ver_logs`, `data_criacao`, `ultimo_login`, `data_nascimento`, `foto_perfil`, `nivel_acesso`, `perfil_nome`, `perm_ver_calendario`, `perm_admin_sistema`, `perm_gerenciar_catalogo`, `perm_gerenciar_grupos`) VALUES ('10', 'Rangel Silva', 'rangelsjc1@gmail.com', '$2y$10$iuuJG1azD/biVBm6vkWFpuC0dlcHFbXiTzQfQ.eThOkUzvSzE79d2', '6', '2', 'M', '(81) 98146-1663', 'PASCOM2026', '1', '1', '1', '1', '0', '1', '1', '1', '2026-04-08 13:48:03', '2026-04-12 03:18:59', '1983-07-18', 'img/usuarios/user_10_b08392877579.jpeg', '3', 'PASCOM ADM', '1', '0', '1', '1');
INSERT INTO `usuarios` (`id`, `nome`, `email`, `senha`, `perfil_id`, `paroquia_id`, `sexo`, `telefone`, `palavra_chave`, `ativo`, `perm_criar_eventos`, `perm_editar_eventos`, `perm_excluir_eventos`, `perm_ver_restritos`, `perm_cadastrar_usuario`, `perm_admin_usuarios`, `perm_ver_logs`, `data_criacao`, `ultimo_login`, `data_nascimento`, `foto_perfil`, `nivel_acesso`, `perfil_nome`, `perm_ver_calendario`, `perm_admin_sistema`, `perm_gerenciar_catalogo`, `perm_gerenciar_grupos`) VALUES ('11', 'Danusa Maria Silva do Nascimento', 'danusa@gmail.com', '$2y$10$lqu1oJFDZxEeGcDwpSZUi.CPOjCBS9Ywxf6INPq9bGY6gFZsoSXxm', '7', '2', 'F', '(81) 97317-3773', NULL, '1', '0', '0', '0', '0', '0', '0', '0', '2026-04-08 22:52:03', NULL, '2011-05-11', NULL, '6', 'PASCOM AGENTE', '1', '0', '0', '0');
INSERT INTO `usuarios` (`id`, `nome`, `email`, `senha`, `perfil_id`, `paroquia_id`, `sexo`, `telefone`, `palavra_chave`, `ativo`, `perm_criar_eventos`, `perm_editar_eventos`, `perm_excluir_eventos`, `perm_ver_restritos`, `perm_cadastrar_usuario`, `perm_admin_usuarios`, `perm_ver_logs`, `data_criacao`, `ultimo_login`, `data_nascimento`, `foto_perfil`, `nivel_acesso`, `perfil_nome`, `perm_ver_calendario`, `perm_admin_sistema`, `perm_gerenciar_catalogo`, `perm_gerenciar_grupos`) VALUES ('12', 'Alif Victória Alves de Lima', 'vitoriaalif@gmail.com', '$2y$12$ztdsryI7xcBHNwC91a6aMOeOGx5Pm.GqkvzxyST7sUj8XFYd/QWU6', '7', '2', 'F', '(81) 98371-1185', NULL, '1', '0', '0', '0', '0', '0', '0', '0', '2026-04-08 23:31:59', '2026-04-09 00:36:13', '2009-01-05', NULL, '6', 'PASCOM AGENTE', '1', '0', '0', '0');
INSERT INTO `usuarios` (`id`, `nome`, `email`, `senha`, `perfil_id`, `paroquia_id`, `sexo`, `telefone`, `palavra_chave`, `ativo`, `perm_criar_eventos`, `perm_editar_eventos`, `perm_excluir_eventos`, `perm_ver_restritos`, `perm_cadastrar_usuario`, `perm_admin_usuarios`, `perm_ver_logs`, `data_criacao`, `ultimo_login`, `data_nascimento`, `foto_perfil`, `nivel_acesso`, `perfil_nome`, `perm_ver_calendario`, `perm_admin_sistema`, `perm_gerenciar_catalogo`, `perm_gerenciar_grupos`) VALUES ('13', 'Eduardo Henrique Almeida Martins', 'edusertania.dm@gmail.com', '$2y$12$ztdsryI7xcBHNwC91a6aMOeOGx5Pm.GqkvzxyST7sUj8XFYd/QWU6', '7', '2', 'M', '(81) 97121-4576', NULL, '1', '0', '0', '0', '0', '0', '0', '0', '2026-04-08 23:31:59', NULL, '1999-11-13', NULL, '6', 'PASCOM AGENTE', '1', '0', '0', '0');
INSERT INTO `usuarios` (`id`, `nome`, `email`, `senha`, `perfil_id`, `paroquia_id`, `sexo`, `telefone`, `palavra_chave`, `ativo`, `perm_criar_eventos`, `perm_editar_eventos`, `perm_excluir_eventos`, `perm_ver_restritos`, `perm_cadastrar_usuario`, `perm_admin_usuarios`, `perm_ver_logs`, `data_criacao`, `ultimo_login`, `data_nascimento`, `foto_perfil`, `nivel_acesso`, `perfil_nome`, `perm_ver_calendario`, `perm_admin_sistema`, `perm_gerenciar_catalogo`, `perm_gerenciar_grupos`) VALUES ('14', 'Kátia Keli Pessoa Silva', 'pessoakatiakeli@gmail.com', '$2y$12$ztdsryI7xcBHNwC91a6aMOeOGx5Pm.GqkvzxyST7sUj8XFYd/QWU6', '7', '2', 'F', '(81) 98365-2530', NULL, '1', '0', '0', '0', '0', '0', '0', '0', '2026-04-08 23:31:59', NULL, '1991-07-10', NULL, '6', 'PASCOM AGENTE', '1', '0', '0', '0');
INSERT INTO `usuarios` (`id`, `nome`, `email`, `senha`, `perfil_id`, `paroquia_id`, `sexo`, `telefone`, `palavra_chave`, `ativo`, `perm_criar_eventos`, `perm_editar_eventos`, `perm_excluir_eventos`, `perm_ver_restritos`, `perm_cadastrar_usuario`, `perm_admin_usuarios`, `perm_ver_logs`, `data_criacao`, `ultimo_login`, `data_nascimento`, `foto_perfil`, `nivel_acesso`, `perfil_nome`, `perm_ver_calendario`, `perm_admin_sistema`, `perm_gerenciar_catalogo`, `perm_gerenciar_grupos`) VALUES ('15', 'Lucas Ferreira da Silva', 'lucasferreiradasilvaf42@gmail.com', '$2y$12$ztdsryI7xcBHNwC91a6aMOeOGx5Pm.GqkvzxyST7sUj8XFYd/QWU6', '7', '2', 'M', '(81) 98827-2211', NULL, '1', '0', '0', '0', '0', '0', '0', '0', '2026-04-08 23:31:59', NULL, '2009-08-03', NULL, '6', 'PASCOM AGENTE', '1', '0', '0', '0');
INSERT INTO `usuarios` (`id`, `nome`, `email`, `senha`, `perfil_id`, `paroquia_id`, `sexo`, `telefone`, `palavra_chave`, `ativo`, `perm_criar_eventos`, `perm_editar_eventos`, `perm_excluir_eventos`, `perm_ver_restritos`, `perm_cadastrar_usuario`, `perm_admin_usuarios`, `perm_ver_logs`, `data_criacao`, `ultimo_login`, `data_nascimento`, `foto_perfil`, `nivel_acesso`, `perfil_nome`, `perm_ver_calendario`, `perm_admin_sistema`, `perm_gerenciar_catalogo`, `perm_gerenciar_grupos`) VALUES ('16', 'Cristiane Silva Serejo', 'cristianeserejo797@gmail.com', '$2y$12$ztdsryI7xcBHNwC91a6aMOeOGx5Pm.GqkvzxyST7sUj8XFYd/QWU6', '7', '2', 'F', '(81) 99929-6896', NULL, '1', '0', '0', '0', '0', '0', '0', '0', '2026-04-08 23:31:59', NULL, '1972-05-03', NULL, '6', 'PASCOM AGENTE', '1', '0', '0', '0');
INSERT INTO `usuarios` (`id`, `nome`, `email`, `senha`, `perfil_id`, `paroquia_id`, `sexo`, `telefone`, `palavra_chave`, `ativo`, `perm_criar_eventos`, `perm_editar_eventos`, `perm_excluir_eventos`, `perm_ver_restritos`, `perm_cadastrar_usuario`, `perm_admin_usuarios`, `perm_ver_logs`, `data_criacao`, `ultimo_login`, `data_nascimento`, `foto_perfil`, `nivel_acesso`, `perfil_nome`, `perm_ver_calendario`, `perm_admin_sistema`, `perm_gerenciar_catalogo`, `perm_gerenciar_grupos`) VALUES ('17', 'Lauanny Vitória Guedes Barbosa da Silva', 'anny.v0p@gmail.com', '$2y$12$ztdsryI7xcBHNwC91a6aMOeOGx5Pm.GqkvzxyST7sUj8XFYd/QWU6', '7', '2', 'F', '(81) 98340-7393', NULL, '1', '0', '0', '0', '0', '0', '0', '0', '2026-04-08 23:31:59', NULL, '2007-09-30', NULL, '6', 'PASCOM AGENTE', '1', '0', '0', '0');
INSERT INTO `usuarios` (`id`, `nome`, `email`, `senha`, `perfil_id`, `paroquia_id`, `sexo`, `telefone`, `palavra_chave`, `ativo`, `perm_criar_eventos`, `perm_editar_eventos`, `perm_excluir_eventos`, `perm_ver_restritos`, `perm_cadastrar_usuario`, `perm_admin_usuarios`, `perm_ver_logs`, `data_criacao`, `ultimo_login`, `data_nascimento`, `foto_perfil`, `nivel_acesso`, `perfil_nome`, `perm_ver_calendario`, `perm_admin_sistema`, `perm_gerenciar_catalogo`, `perm_gerenciar_grupos`) VALUES ('18', 'Danilo da Silva Medeiros', 'danilosilvamedeiros19@gmail.com', '$2y$12$ztdsryI7xcBHNwC91a6aMOeOGx5Pm.GqkvzxyST7sUj8XFYd/QWU6', '7', '2', 'M', '(81) 99381-2347', NULL, '1', '0', '0', '0', '0', '0', '0', '0', '2026-04-08 23:31:59', NULL, '2008-06-19', NULL, '6', 'PASCOM AGENTE', '1', '0', '0', '0');
INSERT INTO `usuarios` (`id`, `nome`, `email`, `senha`, `perfil_id`, `paroquia_id`, `sexo`, `telefone`, `palavra_chave`, `ativo`, `perm_criar_eventos`, `perm_editar_eventos`, `perm_excluir_eventos`, `perm_ver_restritos`, `perm_cadastrar_usuario`, `perm_admin_usuarios`, `perm_ver_logs`, `data_criacao`, `ultimo_login`, `data_nascimento`, `foto_perfil`, `nivel_acesso`, `perfil_nome`, `perm_ver_calendario`, `perm_admin_sistema`, `perm_gerenciar_catalogo`, `perm_gerenciar_grupos`) VALUES ('19', 'Marcos Anthonio Lins Moura Mariano', 'marcosanthonio111@gmail.com', '$2y$12$ztdsryI7xcBHNwC91a6aMOeOGx5Pm.GqkvzxyST7sUj8XFYd/QWU6', '7', '2', 'M', '(81) 99652-0202', NULL, '1', '0', '0', '0', '0', '0', '0', '0', '2026-04-08 23:31:59', NULL, '2007-04-30', NULL, '6', 'PASCOM AGENTE', '1', '0', '0', '0');
INSERT INTO `usuarios` (`id`, `nome`, `email`, `senha`, `perfil_id`, `paroquia_id`, `sexo`, `telefone`, `palavra_chave`, `ativo`, `perm_criar_eventos`, `perm_editar_eventos`, `perm_excluir_eventos`, `perm_ver_restritos`, `perm_cadastrar_usuario`, `perm_admin_usuarios`, `perm_ver_logs`, `data_criacao`, `ultimo_login`, `data_nascimento`, `foto_perfil`, `nivel_acesso`, `perfil_nome`, `perm_ver_calendario`, `perm_admin_sistema`, `perm_gerenciar_catalogo`, `perm_gerenciar_grupos`) VALUES ('20', 'Maria Eduarda Vitor Correia', 'mariaecorreiaa@gmail.com', '$2y$12$ztdsryI7xcBHNwC91a6aMOeOGx5Pm.GqkvzxyST7sUj8XFYd/QWU6', '7', '2', 'F', '(81) 99916-8860', NULL, '1', '0', '0', '0', '0', '0', '0', '0', '2026-04-08 23:31:59', NULL, '1997-04-26', NULL, '6', 'PASCOM AGENTE', '1', '0', '0', '0');
INSERT INTO `usuarios` (`id`, `nome`, `email`, `senha`, `perfil_id`, `paroquia_id`, `sexo`, `telefone`, `palavra_chave`, `ativo`, `perm_criar_eventos`, `perm_editar_eventos`, `perm_excluir_eventos`, `perm_ver_restritos`, `perm_cadastrar_usuario`, `perm_admin_usuarios`, `perm_ver_logs`, `data_criacao`, `ultimo_login`, `data_nascimento`, `foto_perfil`, `nivel_acesso`, `perfil_nome`, `perm_ver_calendario`, `perm_admin_sistema`, `perm_gerenciar_catalogo`, `perm_gerenciar_grupos`) VALUES ('21', 'Danilo José de Bonfim de Brito', 'danilojosebomfim14@gmail.com', '$2y$12$ztdsryI7xcBHNwC91a6aMOeOGx5Pm.GqkvzxyST7sUj8XFYd/QWU6', '7', '2', 'M', '(81) 98311-4355', NULL, '1', '0', '0', '0', '0', '0', '0', '0', '2026-04-08 23:31:59', NULL, '2004-09-04', NULL, '6', 'PASCOM AGENTE', '1', '0', '0', '0');
INSERT INTO `usuarios` (`id`, `nome`, `email`, `senha`, `perfil_id`, `paroquia_id`, `sexo`, `telefone`, `palavra_chave`, `ativo`, `perm_criar_eventos`, `perm_editar_eventos`, `perm_excluir_eventos`, `perm_ver_restritos`, `perm_cadastrar_usuario`, `perm_admin_usuarios`, `perm_ver_logs`, `data_criacao`, `ultimo_login`, `data_nascimento`, `foto_perfil`, `nivel_acesso`, `perfil_nome`, `perm_ver_calendario`, `perm_admin_sistema`, `perm_gerenciar_catalogo`, `perm_gerenciar_grupos`) VALUES ('22', 'Gustavo da Silva Correia de Santana', 'gustavocorreia243@gmail.com', '$2y$12$ztdsryI7xcBHNwC91a6aMOeOGx5Pm.GqkvzxyST7sUj8XFYd/QWU6', '8', '2', 'M', '(81) 99309-8880', NULL, '1', '0', '0', '0', '0', '0', '0', '0', '2026-04-08 23:31:59', NULL, '2006-10-15', NULL, '6', 'PASCOM AGENTE 2', '1', '0', '0', '0');
INSERT INTO `usuarios` (`id`, `nome`, `email`, `senha`, `perfil_id`, `paroquia_id`, `sexo`, `telefone`, `palavra_chave`, `ativo`, `perm_criar_eventos`, `perm_editar_eventos`, `perm_excluir_eventos`, `perm_ver_restritos`, `perm_cadastrar_usuario`, `perm_admin_usuarios`, `perm_ver_logs`, `data_criacao`, `ultimo_login`, `data_nascimento`, `foto_perfil`, `nivel_acesso`, `perfil_nome`, `perm_ver_calendario`, `perm_admin_sistema`, `perm_gerenciar_catalogo`, `perm_gerenciar_grupos`) VALUES ('23', 'Kauãne Macena', 'kauanetaina05@gmail.com', '$2y$12$ztdsryI7xcBHNwC91a6aMOeOGx5Pm.GqkvzxyST7sUj8XFYd/QWU6', '7', '2', 'F', '(81) 99455-1241', NULL, '1', '0', '0', '0', '0', '0', '0', '0', '2026-04-08 23:31:59', NULL, '2005-06-23', NULL, '6', 'PASCOM AGENTE', '1', '0', '0', '0');
INSERT INTO `usuarios` (`id`, `nome`, `email`, `senha`, `perfil_id`, `paroquia_id`, `sexo`, `telefone`, `palavra_chave`, `ativo`, `perm_criar_eventos`, `perm_editar_eventos`, `perm_excluir_eventos`, `perm_ver_restritos`, `perm_cadastrar_usuario`, `perm_admin_usuarios`, `perm_ver_logs`, `data_criacao`, `ultimo_login`, `data_nascimento`, `foto_perfil`, `nivel_acesso`, `perfil_nome`, `perm_ver_calendario`, `perm_admin_sistema`, `perm_gerenciar_catalogo`, `perm_gerenciar_grupos`) VALUES ('25', 'Padre Jonas (Acesso Adm)', 'padre@teste.com', '$2y$12$pwJtKaRECwdiBygynJbAF.RiNgTS.Jlf2ceT5hFPpBaBtAwAEf8Ru', '2', '1', 'M', NULL, NULL, '1', '0', '0', '0', '0', '0', '1', '0', '2026-04-09 19:21:44', '2026-04-09 20:34:51', '2026-04-12', NULL, '1', 'ADMINISTRADOR PAROQUIAL', '0', '0', '0', '0');
INSERT INTO `usuarios` (`id`, `nome`, `email`, `senha`, `perfil_id`, `paroquia_id`, `sexo`, `telefone`, `palavra_chave`, `ativo`, `perm_criar_eventos`, `perm_editar_eventos`, `perm_excluir_eventos`, `perm_ver_restritos`, `perm_cadastrar_usuario`, `perm_admin_usuarios`, `perm_ver_logs`, `data_criacao`, `ultimo_login`, `data_nascimento`, `foto_perfil`, `nivel_acesso`, `perfil_nome`, `perm_ver_calendario`, `perm_admin_sistema`, `perm_gerenciar_catalogo`, `perm_gerenciar_grupos`) VALUES ('26', 'Isabela (Pascom - Sem Logs e Admin)', 'isabela@teste.com', '$2y$12$pwJtKaRECwdiBygynJbAF.RiNgTS.Jlf2ceT5hFPpBaBtAwAEf8Ru', '5', '1', 'F', NULL, NULL, '1', '0', '0', '0', '0', '0', '0', '0', '2026-04-09 19:21:44', NULL, '2026-04-20', NULL, '2', 'DIACONO', '0', '0', '0', '0');
INSERT INTO `usuarios` (`id`, `nome`, `email`, `senha`, `perfil_id`, `paroquia_id`, `sexo`, `telefone`, `palavra_chave`, `ativo`, `perm_criar_eventos`, `perm_editar_eventos`, `perm_excluir_eventos`, `perm_ver_restritos`, `perm_cadastrar_usuario`, `perm_admin_usuarios`, `perm_ver_logs`, `data_criacao`, `ultimo_login`, `data_nascimento`, `foto_perfil`, `nivel_acesso`, `perfil_nome`, `perm_ver_calendario`, `perm_admin_sistema`, `perm_gerenciar_catalogo`, `perm_gerenciar_grupos`) VALUES ('27', 'Test User', 'test@system.com', '$2y$10$wQq5/yODLZNuUEFB1ss7O.UqBa9O4xuA3uyl45o2/2Pl191rF6RAa', '9', '1', 'M', '11999999999', NULL, '1', '0', '0', '0', '0', '0', '0', '0', '2026-04-10 17:50:15', NULL, NULL, NULL, '3', 'COORDENADOR PASTORAL', '1', '0', '0', '0');
INSERT INTO `usuarios` (`id`, `nome`, `email`, `senha`, `perfil_id`, `paroquia_id`, `sexo`, `telefone`, `palavra_chave`, `ativo`, `perm_criar_eventos`, `perm_editar_eventos`, `perm_excluir_eventos`, `perm_ver_restritos`, `perm_cadastrar_usuario`, `perm_admin_usuarios`, `perm_ver_logs`, `data_criacao`, `ultimo_login`, `data_nascimento`, `foto_perfil`, `nivel_acesso`, `perfil_nome`, `perm_ver_calendario`, `perm_admin_sistema`, `perm_gerenciar_catalogo`, `perm_gerenciar_grupos`) VALUES ('28', 'User To Delete', 'delete@me.com', '$2y$10$AJLdv5Jm2bBKMAXOMaW8IuY8vJCLZ3oHI0IPobR43X2p4dGeS312C', '9', '1', 'M', '11988887777', NULL, '1', '0', '0', '0', '0', '0', '0', '0', '2026-04-10 17:53:14', NULL, NULL, NULL, '3', 'COORDENADOR PASTORAL', '1', '0', '0', '0');
INSERT INTO `usuarios` (`id`, `nome`, `email`, `senha`, `perfil_id`, `paroquia_id`, `sexo`, `telefone`, `palavra_chave`, `ativo`, `perm_criar_eventos`, `perm_editar_eventos`, `perm_excluir_eventos`, `perm_ver_restritos`, `perm_cadastrar_usuario`, `perm_admin_usuarios`, `perm_ver_logs`, `data_criacao`, `ultimo_login`, `data_nascimento`, `foto_perfil`, `nivel_acesso`, `perfil_nome`, `perm_ver_calendario`, `perm_admin_sistema`, `perm_gerenciar_catalogo`, `perm_gerenciar_grupos`) VALUES ('29', 'Final Test User Edited', 'final@test.com', '$2y$10$M8QVwxGdgylbCT5X2Q4LU.gtNZIWCPNmkt7EYFGINchPwZ5xCEU9O', '9', '1', 'M', '11999999999', NULL, '0', '0', '0', '0', '0', '0', '0', '0', '2026-04-10 18:00:13', NULL, NULL, NULL, '3', 'COORDENADOR PASTORAL', '1', '0', '0', '0');
INSERT INTO `usuarios` (`id`, `nome`, `email`, `senha`, `perfil_id`, `paroquia_id`, `sexo`, `telefone`, `palavra_chave`, `ativo`, `perm_criar_eventos`, `perm_editar_eventos`, `perm_excluir_eventos`, `perm_ver_restritos`, `perm_cadastrar_usuario`, `perm_admin_usuarios`, `perm_ver_logs`, `data_criacao`, `ultimo_login`, `data_nascimento`, `foto_perfil`, `nivel_acesso`, `perfil_nome`, `perm_ver_calendario`, `perm_admin_sistema`, `perm_gerenciar_catalogo`, `perm_gerenciar_grupos`) VALUES ('31', 'Supervisor Test', 'supervisor@sistema.com', '$2y$10$bIWFyEb/M/plg.veSQglKebLg7F0GchZLHcakQ0mvH/KuKQ2b6qTK', '9', '1', 'M', '11988887777', NULL, '1', '0', '0', '0', '0', '0', '0', '0', '2026-04-10 18:10:36', '2026-04-10 18:15:13', NULL, NULL, '3', 'COORDENADOR PASTORAL', '1', '0', '0', '0');

SET FOREIGN_KEY_CHECKS=1;
